id,fecha_informe,fecha_inicio_campo,fecha_fin_campo,presidente,encuestadora,producto,aprueba_pct,desaprueba_pct,nr_pct,n_muestra,aprueba_gob_pct,desaprueba_gob_pct,nr_gob_pct,neto_gob,modalidad,n_informe,excluir,url_fuente
1,16-03-2018,14-03-2018,16-03-2018,Sebastián Piñera,Cadem,Plaza Pública,51.0,21.0,28.0,704,,,,,online,218,0,http://web.archive.org/web/20191203151125/https://www.cadem.cl/wp-content/uploads/2018/03/Track-PP-218-VF.pdf
2,20-03-2018,,20-03-2018,Sebastián Piñera,GfK Adimark,GfK Adimark,49.0,25.0,26.0,,,,,,presencial,Citado en La Tercera (20-03-2018),0,https://www.latercera.com/politica/noticia/adimark-gobierno-sebastian-pinera-alcanza-49-aprobacion-primer-mes/123295/
3,22-03-2018,21-03-2018,22-03-2018,Sebastián Piñera,Cadem,Plaza Pública,54.0,19.0,27.0,703,,,,,online,219,0,https://insight-chile.cl/storage/2018/03/PP-Track-219-VF.pdf
4,28-03-2018,27-03-2018,28-03-2018,Sebastián Piñera,Cadem,Plaza Pública,58.0,23.0,19.0,700,,,,,online,220,0,https://insight-chile.cl/storage/2018/04/Track-PP-N220-VF.pdf
5,29-03-2018,12-03-2018,29-03-2018,Sebastián Piñera,GfK Adimark,GfK Adimark,49,25,19,1100,,,,,online,Marzo 2018,0,https://cdn2.hubspot.net/hubfs/2405078/cms-pdfs/fileadmin/user_upload/country_one_pager/cl/_gobierno_marzo_2018.pdf
6,05-04-2018,04-04-2018,05-04-2018,Sebastián Piñera,Cadem,Plaza Pública,55.0,27.0,18.0,704,,,,,online,221,0,https://insight-chile.cl/storage/2018/04/Track-PP-N221-VF.pdf
7,10-04-2018,09-04-2018,10-04-2018,Sebastián Piñera,Criteria,Agenda Criteria,52.0,30.0,18.0,809,,,,,online,Abril 2018,0,https://web.archive.org/web/20180421232304/https://www.criteria.cl/wp-content/uploads/2018/04/Encuesta-Criteria-Abril-18.pdf
8,10-04-2018,,10-04-2018,Sebastián Piñera,MORI,MORI,44.0,38.0,18.0,,,,,,telefónica,Citado en La Tercera (10-04-2018),0,https://www.latercera.com/politica/noticia/cerc-mori-gobierno-sebastian-pinera-obtiene-44-aprobacion/145735/
9,12-04-2018,11-04-2018,12-04-2018,Sebastián Piñera,Cadem,Plaza Pública,60.0,25.0,15.0,700,,,,,online,222,0,https://insight-chile.cl/storage/2018/04/PP-N222-vf.pdf
10,15-04-2018,,15-04-2018,Sebastián Piñera,GfK Adimark,GfK Adimark,54.0,30.0,16.0,,,,,,presencial,Citado en La Tercera (15-04-2018),0,https://www.latercera.com/politica/noticia/adimark-aprobacion-gobierno-pinera-aumenta-cinco-puntos-segundo-mes/153018/
11,16-04-2018,04-04-2018,16-04-2018,Sebastián Piñera,MORI,MORI,44,38,18,1200,,,,,online,Citado en morichile.cl (16-04-2018),0,http://morichile.cl/wp-content/uploads/2018/04/INFORME_DE_PRENSA_ABRIL_2018-1.pdf
12,19-04-2018,18-04-2018,19-04-2018,Sebastián Piñera,Cadem,Plaza Pública,58.0,24.0,18.0,713,,,,,online,223,0,https://insight-chile.cl/storage/2018/04/Track-PP-223.pdf
13,26-04-2018,25-04-2018,26-04-2018,Sebastián Piñera,Cadem,Plaza Pública,55.0,29.0,16.0,703,,,,,online,224,0,https://insight-chile.cl/storage/2018/04/Track-abril-S4-PP.-224-VF-1.pdf
14,27-04-2018,04-04-2018,27-04-2018,Sebastián Piñera,GfK Adimark,GfK Adimark,54,30,11,1100,,,,,online,Diciembre 2018,0,https://cdn2.hubspot.net/hubfs/2405078/cms-pdfs/fileadmin/user_upload/country_one_pager/cl/gfk_indicador_aprobacion_de_gobierno_abril_2018.pdf
15,03-05-2018,02-05-2018,03-05-2018,Sebastián Piñera,Cadem,Plaza Pública,58.0,24.0,18.0,706,,,,,online,225,0,http://web.archive.org/web/20201109022316/http://www.cadem.cl/wp-content/uploads/2018/05/Track-Mayo-S1-PP.-225-VF.pdf
16,10-05-2018,09-05-2018,10-05-2018,Sebastián Piñera,Cadem,Plaza Pública,54.0,30.0,16.0,702,,,,,online,226,0,https://insight-chile.cl/storage/2018/05/Track-mayo-S2-pp-226-VF.pdf
17,17-05-2018,16-05-2018,17-05-2018,Sebastián Piñera,Cadem,Plaza Pública,55.0,27.0,18.0,700,,,,,online,227,0,https://insight-chile.cl/storage/2018/05/Track-PP-227-Mayo.-S3-.pdf
18,18-05-2018,,18-05-2018,Sebastián Piñera,GfK Adimark,GfK Adimark,50.0,40.0,10.0,,,,,,presencial,Citado en La Tercera (18-05-2018),0,https://www.latercera.com/politica/noticia/adimark-aprobacion-gobierno-pinera-llega-al-50-desaprobacion-aumenta-40/197353/
19,23-05-2018,15-05-2018,23-05-2018,Sebastián Piñera,Criteria,Agenda Criteria,56,29,15,1573,,,,,online,Mayo 2018,0,https://web.archive.org/web/20211105163809/https://www.criteria.cl/wp-content/uploads/2019/05/Agenda-Mayo2018.pdf
20,24-05-2018,23-05-2018,24-05-2018,Sebastián Piñera,Cadem,Plaza Pública,57.0,26.0,17.0,700,,,,,online,228,0,https://insight-chile.cl/storage/2018/05/Track-PP.-228-Mayo-S4-VF.pdf
21,29-05-2018,07-05-2018,29-05-2018,Sebastián Piñera,GfK Adimark,GfK Adimark,50,40,6,1100,,,,,online,Diciembre 2018,0,https://cdn2.hubspot.net/hubfs/2405078/cms-pdfs/fileadmin/user_upload/country_one_pager/cl/gfk_indicador_aprobacion_de_gobierno_mayo_2018.pdf
22,01-06-2018,01-06-2018,01-06-2018,Sebastián Piñera,Cadem,Plaza Pública,57.0,26.0,17.0,714,,,,,online,229,0,https://insight-chile.cl/storage/2018/06/Tack-PP-229-Jun-S1-VF.pdf
23,07-06-2018,06-06-2018,07-06-2018,Sebastián Piñera,Cadem,Plaza Pública,58.0,26.0,16.0,700,,,,,online,230,0,https://insight-chile.cl/storage/2018/06/Tack-PP-230-Jun-S2-VF.pdf
24,14-06-2018,13-06-2018,14-06-2018,Sebastián Piñera,Cadem,Plaza Pública,60.0,24.0,16.0,707,,,,,online,231,0,https://insight-chile.cl/storage/2018/06/Track-PP-231-S3-VF-002.pdf
25,16-06-2018,,16-06-2018,Sebastián Piñera,GfK Adimark,GfK Adimark,52.0,40.0,8.0,,,,,,presencial,Citado en La Nación (16-06-2018),0,https://web.archive.org/web/20180706183014/http://lanacion.cl/2018/07/06/adimark-aprobacion-a-gobierno-de-pinera-subio-al-52-en-junio/
26,21-06-2018,20-06-2018,21-06-2018,Sebastián Piñera,Cadem,Plaza Pública,58.0,28.0,14.0,709,,,,,online,232,0,https://insight-chile.cl/storage/2018/06/Track-PP-232-Jun-Sem-4-vf.pdf
27,21-06-2018,,21-06-2018,Sebastián Piñera,Criteria,Agenda Criteria,60.0,29.0,11.0,,,,,,online,,1,
28,27-06-2018,06-06-2018,27-06-2018,Sebastián Piñera,GfK Adimark,GfK Adimark,52,40,5,1100,,,,,online,Junio 2018,0,https://cdn2.hubspot.net/hubfs/2405078/cms-pdfs/fileadmin/user_upload/country_one_pager/cl/gfk_gobierno_jun_18.pdf
29,28-06-2018,27-06-2018,28-06-2018,Sebastián Piñera,Cadem,Plaza Pública,57.0,31.0,12.0,711,,,,,online,233,0,https://insight-chile.cl/storage/2018/07/Track-PP233-Jun-S5-VF.pdf
30,28-06-2018,15-06-2018,28-06-2018,Sebastián Piñera,Criteria,Agenda Criteria,60,29,11,927,,,,,online,Junio 2018,0,https://web.archive.org/web/20211105163819/https://www.criteria.cl/wp-content/uploads/2019/05/Agenda-Junio2018.pdf
31,05-07-2018,04-07-2018,05-07-2018,Sebastián Piñera,Cadem,Plaza Pública,55.0,30.0,15.0,710,,,,,online,234,0,https://insight-chile.cl/storage/2018/07/Track-PP-Jul-S1-N234.pdf
32,12-07-2018,11-07-2018,12-07-2018,Sebastián Piñera,Cadem,Plaza Pública,54.0,30.0,16.0,704,,,,,online,235,0,https://insight-chile.cl/storage/2018/07/Track-PP-Sem-2-Jul-N%C2%BA-235-1.pdf
33,17-07-2018,,17-07-2018,Sebastián Piñera,GfK Adimark,GfK Adimark,52.0,41.0,7.0,,,,,,presencial,Enero 2052,0,https://www.emol.com/noticias/Nacional/2018/08/03/915664/Presidente-Pinera-mantiene-aprobacion-ciudadana-en-52-segun-ultima-encuesta-Adimark.html
34,19-07-2018,18-07-2018,19-07-2018,Sebastián Piñera,Cadem,Plaza Pública,54.0,33.0,13.0,702,,,,,online,236,0,https://insight-chile.cl/storage/2018/07/Track-PP-236-Jul-S3-VF.pdf
35,26-07-2018,25-07-2018,26-07-2018,Sebastián Piñera,Cadem,Plaza Pública,49.0,37.0,14.0,705,,,,,online,237,0,https://insight-chile.cl/storage/2018/07/Track-PP-Jul-Sem4-N237-VF.pdf
36,27-07-2018,07-07-2018,27-07-2018,Sebastián Piñera,GfK Adimark,GfK Adimark,52,41,5,1100,,,,,online,Diciembre 2018,0,https://cdn2.hubspot.net/hubfs/2405078/cms-pdfs/fileadmin/user_upload/country_one_pager/cl/gfk_indicador_aprobacion_gobierno_julio_2018.pdf
37,30-07-2018,25-07-2018,30-07-2018,Sebastián Piñera,Criteria,Agenda Criteria,49,41,10,800,,,,,online,Julio 2018,0,https://web.archive.org/web/20190421235340/https://www.criteria.cl/wp-content/uploads/2018/08/Agenda-Julio2018.pdf
38,02-08-2018,01-08-2018,02-08-2018,Sebastián Piñera,Cadem,Plaza Pública,45.0,39.0,16.0,705,,,,,online,238,0,https://insight-chile.cl/storage/2018/08/Track-PP-Jul-Sem1-N238-VF.pdf
39,09-08-2018,08-08-2018,09-08-2018,Sebastián Piñera,Cadem,Plaza Pública,45.0,40.0,15.0,707,,,,,online,239,0,https://insight-chile.cl/storage/2018/08/Track-PP-239-Ago-Sem2-VF.pdf
40,16-08-2018,15-08-2018,16-08-2018,Sebastián Piñera,Cadem,Plaza Pública,45.0,39.0,16.0,706,,,,,online,240,0,https://insight-chile.cl/storage/2018/08/Track-PP-240-Ago-Sem-3-VF-1.pdf
41,17-08-2018,,17-08-2018,Sebastián Piñera,GfK Adimark,GfK Adimark,48.0,47.0,5.0,,,,,,presencial,Citado en CNN Chile (17-08-2018),0,https://www.cnnchile.com/pais/encuesta-adimark-agosto-aprobacion-gobierno-pinera_20180831/
42,23-08-2018,22-08-2018,23-08-2018,Sebastián Piñera,Cadem,Plaza Pública,47.0,37.0,16.0,715,,,,,online,241,0,https://insight-chile.cl/storage/2018/08/Track-PP-241-Ago-Sem-4-VF.pdf
43,29-08-2018,06-08-2018,29-08-2018,Sebastián Piñera,GfK Adimark,GfK Adimark,48,47,3,1096,,,,,online,Agosto 2018,0,https://cdn2.hubspot.net/hubfs/2405078/cms-pdfs/fileadmin/user_upload/country_one_pager/cl/gfk_gobierno_agosto_2018.pdf
44,30-08-2018,29-08-2018,30-08-2018,Sebastián Piñera,Cadem,Plaza Pública,47.0,42.0,11.0,711,,,,,online,242,0,http://web.archive.org/web/20191203151111/https://www.cadem.cl/wp-content/uploads/2018/09/Track-PP-242-Ago-Sem-5-VF-1.pdf
45,31-08-2018,23-08-2018,31-08-2018,Sebastián Piñera,Criteria,Agenda Criteria,49,40,11,800,,,,,online,Agosto 2018,0,https://web.archive.org/web/20211105184358/https://www.criteria.cl/wp-content/uploads/2019/05/Agenda-Agosto2018.pdf
46,06-09-2018,05-09-2018,06-09-2018,Sebastián Piñera,Cadem,Plaza Pública,42.0,44.0,14.0,712,,,,,online,243,0,https://insight-chile.cl/storage/2018/09/Track-PP-243-Septiembre-S5-VF.pdf
47,13-09-2018,12-09-2018,13-09-2018,Sebastián Piñera,Cadem,Plaza Pública,43.0,44.0,13.0,707,,,,,online,244,0,https://insight-chile.cl/storage/2018/09/Track-PP-244-Septiembre-S2-VF.pdf
48,16-09-2018,,16-09-2018,Sebastián Piñera,GfK Adimark,GfK Adimark,45.0,47.0,8.0,,,,,,presencial,Citado en El Mostrador (16-09-2018),0,https://www.elmostrador.cl/noticias/pais/2018/09/28/septiembre-le-pasa-la-cuenta-a-pinera-y-anota-su-peor-registro-segun-la-encuesta-adimark/
49,20-09-2018,20-09-2018,20-09-2018,Sebastián Piñera,Cadem,Plaza Pública,45.0,41.0,14.0,710,,,,,online,245,0,https://insight-chile.cl/storage/2018/09/Track-PP-245-Septiembre-S3-VF.pdf
50,27-09-2018,26-09-2018,27-09-2018,Sebastián Piñera,Cadem,Plaza Pública,48.0,37.0,15.0,708,,,,,online,246,0,https://insight-chile.cl/storage/2018/10/Track-PP-246-Septiembre-S4-VF.pdf
51,27-09-2018,05-09-2018,27-09-2018,Sebastián Piñera,GfK Adimark,GfK Adimark,45,47,6,997,,,,,online,Septiembre 2018,0,https://cdn2.hubspot.net/hubfs/2405078/cms-pdfs/fileadmin/user_upload/country_one_pager/cl/gfk_gobierno_septiembre_2018.pdf
52,02-10-2018,21-09-2018,02-10-2018,Sebastián Piñera,Criteria,Agenda Criteria,54.0,35.0,11.0,752,,,,,online,Septiembre 2018,0,https://web.archive.org/web/20211105163828/https://www.criteria.cl/wp-content/uploads/2019/05/Agenda-Septiembre2018.pdf
53,04-10-2018,03-10-2018,04-10-2018,Sebastián Piñera,Cadem,Plaza Pública,51.0,34.0,15.0,707,,,,,online,247,0,https://insight-chile.cl/storage/2018/10/Track-PP-247-Octubre-S1-VF.pdf
54,11-10-2018,10-10-2018,11-10-2018,Sebastián Piñera,Cadem,Plaza Pública,51.0,35.0,14.0,706,,,,,online,248,0,https://insight-chile.cl/storage/2018/10/Track-PP-248-Octubre-S2-VF.pdf
55,16-10-2018,,16-10-2018,Sebastián Piñera,GfK Adimark,GfK Adimark,48.0,47,5,,,,,,presencial,Citado en La Tercera (16-10-2018),0,https://www.latercera.com/politica/noticia/adimark-aprobacion-pinera-se-mantiene-pese-fallo-favorable-la-haya/383198/
56,18-10-2018,17-10-2018,18-10-2018,Sebastián Piñera,Cadem,Plaza Pública,50.0,38.0,12.0,706,,,,,online,249,0,https://insight-chile.cl/storage/2018/10/Track-PP-249-Octubre-S3-VF.pdf
57,25-10-2018,24-10-2018,25-10-2018,Sebastián Piñera,Cadem,Plaza Pública,46.0,41.0,13.0,706,,,,,online,250,0,http://web.archive.org/web/20200707082813/https://www.cadem.cl/wp-content/uploads/2018/10/Track-PP-250-Octubre-S4-VF.pdf
58,29-10-2018,04-10-2018,29-10-2018,Sebastián Piñera,GfK Adimark,GfK Adimark,48,46,4,1100,,,,,online,Diciembre 2018,0,https://cdn2.hubspot.net/hubfs/2405078/cms-pdfs/fileadmin/user_upload/country_one_pager/cl/gfk_indicador_aprobacion_de_gobierno_octubre_2018.pdf
59,30-10-2018,30-10-2018,30-10-2018,Sebastián Piñera,Cadem,Plaza Pública,48.0,37.0,15.0,711,,,,,online,251,0,https://insight-chile.cl/storage/2018/11/Track-PP-251-Octubre-S5-VF-2.pdf
60,03-11-2018,25-10-2018,03-11-2018,Sebastián Piñera,Criteria,Agenda Criteria,43.0,44.0,13.0,800,,,,,online,Octubre 2018,0,https://web.archive.org/web/20211105163843/https://www.criteria.cl/wp-content/uploads/2019/05/AG-Octubre-2018.pdf
61,08-11-2018,07-11-2018,08-11-2018,Sebastián Piñera,Cadem,Plaza Pública,44.0,40.0,16.0,707,,,,,online,252,0,http://web.archive.org/web/20200707140003/https://www.cadem.cl/wp-content/uploads/2018/11/Track-PP-252-Octubre-S1-VF.pdf
62,15-11-2018,14-11-2018,15-11-2018,Sebastián Piñera,Cadem,Plaza Pública,41.0,44.0,15.0,706,,,,,online,253,0,https://insight-chile.cl/storage/2018/11/Track-PP-253-Noviembre-S2-VF.pdf
63,17-11-2018,,17-11-2018,Sebastián Piñera,GfK Adimark,GfK Adimark,44.0,49.0,7.0,,,,,,presencial,Citado en La Tercera (17-11-2018),0,https://www.latercera.com/politica/noticia/adimark-pinera-termina-primer-ano-gobierno-52-desaprobacion/468842/
64,22-11-2018,22-11-2018,22-11-2018,Sebastián Piñera,Cadem,Plaza Pública,38.0,48.0,14.0,707,,,,,online,254,0,https://insight-chile.cl/storage/2018/11/Track-PP-254-Noviembre-S3-VF.pdf
65,25-11-2018,19-10-2018,25-11-2018,Sebastián Piñera,CEP,Encuesta CEP,37.0,39.0,24.0,1402,,,,,presencial,Citado en CEP (25-11-2018),0,https://web.archive.org/web/20200711143529/https://www.cepchile.cl/cep/site/docs/20181207/20181207101838/encuestacep_oct_nov2018.pdf
66,27-11-2018,07-11-2018,27-11-2018,Sebastián Piñera,GfK Adimark,GfK Adimark,44,49,3,1100,,,,,online,Diciembre 2018,0,https://cdn2.hubspot.net/hubfs/2405078/cms-pdfs/fileadmin/user_upload/country_one_pager/cl/gfk_indicador_aprobacion_de_gobierno_noviembre_2018.pdf
67,29-11-2018,28-11-2018,29-11-2018,Sebastián Piñera,Cadem,Plaza Pública,41.0,46.0,13.0,705,,,,,online,255,0,https://insight-chile.cl/storage/2018/12/Track-PP-255-Noviembre-S4-VF.pdf
68,30-11-2018,22-11-2018,30-11-2018,Sebastián Piñera,Criteria,Agenda Criteria,37,51,22,800,,,,,online,Noviembre 2018,0,https://web.archive.org/web/20211105163828/https://www.criteria.cl/wp-content/uploads/2019/05/ACC-Noviembre-2018.pdf
69,06-12-2018,06-12-2018,06-12-2018,Sebastián Piñera,GfK Adimark,GfK Adimark,38.0,52.0,10.0,1100,,,,,presencial,Diciembre 2018,0,https://cdn2.hubspot.net/hubfs/2405078/cms-pdfs/fileadmin/user_upload/country_one_pager/cl/gfk_indicador_aprobacion_de_gobierno_diciembre_2018_vf.pdf
70,06-12-2018,05-12-2018,06-12-2018,Sebastián Piñera,Cadem,Plaza Pública,39.0,46.0,15.0,705,,,,,online,256,0,https://insight-chile.cl/storage/2018/12/Track-PP-256-Diciembre-S1-VF-2.pdf
71,13-12-2018,12-12-2018,13-12-2018,Sebastián Piñera,Cadem,Plaza Pública,38.0,47.0,15.0,708,,,,,online,257,0,https://insight-chile.cl/storage/2018/12/Track-PP-257-Diciembre-S2-VF_2.pdf
72,20-12-2018,19-12-2018,20-12-2018,Sebastián Piñera,Cadem,Plaza Pública,38.0,47.0,15.0,708,,,,,online,258,0,https://insight-chile.cl/storage/2018/12/Track-PP-258-Diciembre-S3-VF.pdf
73,27-12-2018,26-12-2018,27-12-2018,Sebastián Piñera,Cadem,Plaza Pública,40.0,46.0,14.0,711,,,,,online,259,0,https://insight-chile.cl/storage/2018/12/Track-PP-259-Diciembre-S4-VF.pdf
74,28-12-2018,18-12-2018,28-12-2018,Sebastián Piñera,Criteria,Agenda Criteria,39,46,15,800,,,,,online,Diciembre 2018,0,https://web.archive.org/web/20211105163821/https://www.criteria.cl/wp-content/uploads/2019/05/ACC-Diciembre-2018.pdf
75,02-01-2019,02-01-2019,02-01-2019,Sebastián Piñera,Cadem,Plaza Pública,40.0,45.0,15.0,706,,,,,online,260,0,https://insight-chile.cl/storage/2019/01/Track-PP-260-Enero-S1-VF.pdf
76,10-01-2019,09-01-2019,10-01-2019,Sebastián Piñera,Cadem,Plaza Pública,40.0,43.0,17.0,704,,,,,online,261,0,https://insight-chile.cl/storage/2019/01/Track-PP-261-Enero-S2-VF.pdf
77,17-01-2019,16-01-2019,17-01-2019,Sebastián Piñera,Cadem,Plaza Pública,42.0,42.0,16.0,706,,,,,online,262,0,https://insight-chile.cl/storage/2019/01/Track-PP-262-Enero-S3-VF.pdf
78,24-01-2019,,24-01-2019,Sebastián Piñera,Activa Research,Pulso Ciudadano,20.9,35.2,43.9,,,,,,online,,1,
79,24-01-2019,23-01-2019,24-01-2019,Sebastián Piñera,Cadem,Plaza Pública,42.0,42.0,16.0,706,,,,,online,263,0,https://insight-chile.cl/storage/2019/01/Track-PP-263-Enero-S4-VF.pdf
80,31-01-2019,22-01-2019,31-01-2019,Sebastián Piñera,Criteria,Agenda Criteria,43,41,16,800,,,,,online,Enero 2019,0,https://web.archive.org/web/20211105163825/https://www.criteria.cl/wp-content/uploads/2019/05/ACC-Enero-2019.pdf
81,31-01-2019,17-01-2019,31-01-2019,Sebastián Piñera,Activa Research,Pulso Ciudadano,20.9,35.2,3.0,1001,,,,,online,Citado en activaresearch.cl (31-01-2019),0,https://web.archive.org/web/20191226054329/https://www.activaresearch.cl/storage/downloads/b0b349bab34d0d4336b473368eadf7b3.pdf
82,01-02-2019,30-01-2019,01-02-2019,Sebastián Piñera,Cadem,Plaza Pública,44.0,44.0,12.0,704,,,,,online,264,0,https://insight-chile.cl/storage/2019/02/Track-PP-264-Enero-S5-VF.pdf
83,07-02-2019,06-02-2019,07-02-2019,Sebastián Piñera,Cadem,Plaza Pública,44.0,44.0,12.0,710,,,,,online,265,0,https://insight-chile.cl/storage/2019/02/Track-PP-265-Febrero-S1-VF.pdf
84,14-02-2019,13-02-2019,14-02-2019,Sebastián Piñera,Cadem,Plaza Pública,42.0,44.0,14.0,700,,,,,online,266,0,https://insight-chile.cl/storage/2019/02/Track-PP-266-Febrero-S2-VF.pdf
85,20-02-2019,20-02-2019,20-02-2019,Sebastián Piñera,Cadem,Plaza Pública,42.0,44.0,14.0,709,,,,,online,267,0,https://insight-chile.cl/storage/2019/02/Track-PP-267-Febrero-S3-VF-1.pdf
86,28-02-2019,18-02-2019,28-02-2019,Sebastián Piñera,Criteria,Agenda Criteria,44,44,12,801,,,,,online,Febrero 2019,0,https://web.archive.org/web/20211105163834/https://www.criteria.cl/wp-content/uploads/2019/05/ACC-Febrero-2019.pdf
87,01-03-2019,06-02-2019,01-03-2019,Sebastián Piñera,Activa Research,Pulso Ciudadano,20.1,39.8,40.1,1001,,,,,online,Citado en activaresearch.cl (01-03-2019),0,https://web.archive.org/web/20191226054330/https://www.activaresearch.cl/storage/downloads/555f4d5b25220ccd95eb1a9e7f16170d.pdf
88,01-03-2019,27-02-2019,01-03-2019,Sebastián Piñera,Cadem,Plaza Pública,39.0,45.0,16.0,707,,,,,online,268,0,https://insight-chile.cl/storage/2019/03/Track-PP-268-Febrero-S4-VF.pdf
89,07-03-2019,06-03-2019,07-03-2019,Sebastián Piñera,Cadem,Plaza Pública,37.0,48.0,15.0,707,,,,,online,269,0,https://insight-chile.cl/storage/2019/03/Track-PP-269-Marzo-S1-VF.pdf
90,14-03-2019,13-03-2019,14-03-2019,Sebastián Piñera,Cadem,Plaza Pública,40.0,46.0,14.0,707,,,,,online,270,0,https://insight-chile.cl/storage/2019/03/Track-PP-270-Marzo-S2-VF-1.pdf
91,21-03-2019,20-03-2019,21-03-2019,Sebastián Piñera,Cadem,Plaza Pública,37.0,50.0,13.0,707,,,,,online,271,0,https://insight-chile.cl/storage/2019/03/Track-PP-271-Marzo-S3-VF.pdf
92,22-03-2019,,22-03-2019,Sebastián Piñera,Activa Research,Pulso Ciudadano,13.2,44.2,42.6,,,,,,online,,1,
93,28-03-2019,27-03-2019,28-03-2019,Sebastián Piñera,Cadem,Plaza Pública,39.0,46.0,15.0,711,,,,,online,272,0,https://insight-chile.cl/storage/2019/04/Track-PP-272-Marzo-S4-VF.pdf
94,31-03-2019,24-03-2019,31-03-2019,Sebastián Piñera,Criteria,Agenda Criteria,34,53,13,899,,,,,online,Marzo 2019,0,https://web.archive.org/web/20211105163812/https://www.criteria.cl/wp-content/uploads/2019/05/ACC-Marzo-2019.pdf
95,31-03-2019,13-03-2019,31-03-2019,Sebastián Piñera,Activa Research,Pulso Ciudadano,13.2,44.2,3.3,1015,,,,,online,Citado en activaresearch.cl (31-03-2019),0,https://web.archive.org/web/20190406070639/https://www.activaresearch.cl/storage/downloads/46551643b563f180c2a78e0edfa88097.pdf
96,04-04-2019,03-04-2019,04-04-2019,Sebastián Piñera,Cadem,Plaza Pública,36.0,51.0,13.0,706,,,,,online,273,0,https://insight-chile.cl/storage/2019/04/Track-PP-273-Abril-S1-VF.pdf
97,11-04-2019,10-04-2019,11-04-2019,Sebastián Piñera,Cadem,Plaza Pública,36.0,52.0,12.0,709,,,,,online,274,0,https://insight-chile.cl/storage/2019/04/Track-PP-274-Abril-S2-VF-1.pdf
98,17-04-2019,17-04-2019,17-04-2019,Sebastián Piñera,Cadem,Plaza Pública,35.0,50.0,15.0,709,,,,,online,275,0,https://insight-chile.cl/storage/2019/04/Track-PP-275-Abril-S3-VF.pdf
99,25-04-2019,24-04-2019,25-04-2019,Sebastián Piñera,Cadem,Plaza Pública,35.0,53.0,12.0,713,,,,,online,276,0,https://insight-chile.cl/storage/2019/04/Track-PP-276-Abril-S4-VF.pdf
100,28-04-2019,18-04-2019,28-04-2019,Sebastián Piñera,Criteria,Agenda Criteria,36,50,14,830,,,,,online,Abril 2019,0,https://web.archive.org/web/20211030201413/https://www.criteria.cl/wp-content/uploads/2019/05/ACC-Abril-2019.pdf
101,02-05-2019,15-04-2019,02-05-2019,Sebastián Piñera,Activa Research,Pulso Ciudadano,17.7,36.2,46.1,1039,,,,,online,Citado en activaresearch.cl (02-05-2019),0,https://web.archive.org/web/20190604034654/https://activaresearch.cl/storage/downloads/2358078e33bde37a6e2e0efc781b1f5c.pdf
102,02-05-2019,02-05-2019,02-05-2019,Sebastián Piñera,Cadem,Plaza Pública,35.0,52.0,13.0,707,,,,,online,277,0,https://insight-chile.cl/storage/2019/05/Track-PP-277-Mayo-S1-VF.pdf
103,09-05-2019,08-05-2019,09-05-2019,Sebastián Piñera,Cadem,Plaza Pública,36.0,48.0,16.0,706,,,,,online,278,0,https://insight-chile.cl/storage/2019/05/Track-PP-278-Mayo-S2-VF.pdf
104,11-05-2019,,11-05-2019,Sebastián Piñera,MORI,MORI,27.0,63.0,10.0,,,,,,telefónica,Citado en Cooperativa (11-05-2019),0,https://www.cooperativa.cl/noticias/pais/politica/encuestas/cerc-mori-la-politica-y-sus-instituciones-estan-en-su-momento-mas/2019-05-27/105223.html
105,16-05-2019,15-05-2019,16-05-2019,Sebastián Piñera,Cadem,Plaza Pública,34.0,54.0,12.0,712,,,,,online,279,0,https://insight-chile.cl/storage/2019/05/Track-PP-279-Mayo-S3-VF.pdf
106,19-05-2019,04-05-2019,19-05-2019,Sebastián Piñera,MORI,MORI,27,63,10,1200,,,,,online,Citado en morichile.cl (19-05-2019),0,http://morichile.cl/wp-content/uploads/2019/05/INFORME_BAROMETRO_DE_LAPOLiTICA_2019.pdf
107,23-05-2019,,23-05-2019,Sebastián Piñera,Activa Research,Pulso Ciudadano,17.3,41.0,41.7,,,,,,online,,1,
108,23-05-2019,22-05-2019,23-05-2019,Sebastián Piñera,Cadem,Plaza Pública,33.0,52.0,15.0,714,,,,,online,280,0,http://web.archive.org/web/20200215094706/http://www.cadem.cl:80/wp-content/uploads/2019/05/Track-PP-280-Mayo-S4-VF.pdf
109,30-05-2019,29-05-2019,30-05-2019,Sebastián Piñera,Cadem,Plaza Pública,33.0,55.0,12.0,706,,,,,online,281,0,https://insight-chile.cl/storage/2019/06/Track-PP-281-Mayo-S5-VF-004.pdf
110,31-05-2019,15-05-2019,31-05-2019,Sebastián Piñera,Activa Research,Pulso Ciudadano,17.3,41.0,2.2,1039,,,,,online,Citado en activaresearch.cl (31-05-2019),0,https://web.archive.org/web/20190606174509/https://www.activaresearch.cl/storage/downloads/06e8df8d4eab32b795b2c9a8580e774f.pdf
111,03-06-2019,26-04-2019,03-06-2019,Sebastián Piñera,CEP,Encuesta CEP,25.0,50.0,25.0,1380,,,,,presencial,Citado en CEP (03-06-2019),0,https://web.archive.org/web/20190613173828/https://www.cepchile.cl/cep/site/docs/20190612/20190612104953/encuestacep_mayo2019.pdf
112,03-06-2019,24-05-2019,03-06-2019,Sebastián Piñera,Criteria,Agenda Criteria,28.0,59.0,13.0,803,,,,,online,Mayo 2019,0,https://web.archive.org/web/20211105163825/https://www.criteria.cl/wp-content/uploads/2019/06/ACC-Mayo-2019.pdf
113,06-06-2019,05-06-2019,06-06-2019,Sebastián Piñera,Cadem,Plaza Pública,34.0,56.0,10.0,703,,,,,online,282,0,https://insight-chile.cl/storage/2019/06/Track-PP-282-Junio-S1-VF.pdf
114,13-06-2019,12-06-2019,13-06-2019,Sebastián Piñera,Cadem,Plaza Pública,31.0,59.0,10.0,708,,,,,online,283,0,https://insight-chile.cl/storage/2019/06/Track-PP-283-Junio-S2-VF-1.pdf
115,20-06-2019,19-06-2019,20-06-2019,Sebastián Piñera,Cadem,Plaza Pública,29.0,57.0,14.0,704,,,,,online,284,0,https://insight-chile.cl/storage/2019/06/Track-PP-284-Junio-S3-VF.pdf
116,27-06-2019,26-06-2019,27-06-2019,Sebastián Piñera,Cadem,Plaza Pública,33.0,56.0,11.0,707,,,,,online,285,0,https://insight-chile.cl/storage/2019/06/Track-PP-285-Junio-S4-VF-1.pdf
117,01-07-2019,04-06-2019,01-07-2019,Sebastián Piñera,Activa Research,Pulso Ciudadano,15.5,42.7,41.8,1005,,,,,online,Citado en activaresearch.cl (01-07-2019),0,https://web.archive.org/web/20190703231408/https://www.activaresearch.cl/storage/downloads/6723c2bbda02dd2c8cb251db2dcff3e3.pdf
118,01-07-2019,24-06-2019,01-07-2019,Sebastián Piñera,Criteria,Agenda Criteria,27.0,61.0,12.0,804,,,,,online,Junio 2019,0,https://web.archive.org/web/20211105164002/https://www.criteria.cl/wp-content/uploads/2019/07/ACC-Junio-2019.pdf
119,04-07-2019,03-07-2019,04-07-2019,Sebastián Piñera,Cadem,Plaza Pública,32.0,57.0,11.0,707,,,,,online,286,0,https://insight-chile.cl/storage/2019/07/Track-PP-286-Julio-S1-VF.pdf
120,11-07-2019,10-07-2019,11-07-2019,Sebastián Piñera,Cadem,Plaza Pública,30.0,58.0,12.0,710,,,,,online,287,0,https://insight-chile.cl/storage/2019/07/Track-PP-287-Julio-S2-VF.pdf
121,14-07-2019,,14-07-2019,Sebastián Piñera,Activa Research,Pulso Ciudadano,14.7,47.7,37.6,,,,,,online,,1,
122,18-07-2019,17-07-2019,18-07-2019,Sebastián Piñera,Cadem,Plaza Pública,29.0,58.0,13.0,701,,,,,online,288,0,https://insight-chile.cl/storage/2019/07/Plaza-P%C3%BAblica-N%C2%B0-288.pdf
123,25-07-2019,24-07-2019,25-07-2019,Sebastián Piñera,Cadem,Plaza Pública,34.0,55.0,11.0,704,,,,,online,289,0,http://web.archive.org/web/20191203151139/https://www.cadem.cl/wp-content/uploads/2019/07/Track-PP-289-Julio-S4-VF.pdf
124,25-07-2019,03-07-2019,25-07-2019,Sebastián Piñera,Activa Research,Pulso Ciudadano,14.7,47.7,4.6,1017,,,,,online,Julio 2019,0,https://www.activasite.com/wp-content/uploads/2020/01/Pulso-Ciudadano-Julio.pdf
125,29-07-2019,22-07-2019,29-07-2019,Sebastián Piñera,Criteria,Agenda Criteria,30,64,6,795,,,,,online,Julio 2019,0,https://web.archive.org/web/20211105163807/https://www.criteria.cl/wp-content/uploads/2019/07/ACC-Julio-2019.pdf
126,01-08-2019,01-08-2019,01-08-2019,Sebastián Piñera,Cadem,Plaza Pública,34.0,53.0,13.0,708,,,,,online,290,0,https://insight-chile.cl/storage/2019/08/Track-PP-290-Agosto-S1-VF.pdf
127,08-08-2019,07-08-2019,08-08-2019,Sebastián Piñera,Cadem,Plaza Pública,33.0,53.0,14.0,707,,,,,online,291,0,https://insight-chile.cl/storage/2019/08/Track-PP-291-Agosto-S2-VF.pdf
128,14-08-2019,13-08-2019,14-08-2019,Sebastián Piñera,Cadem,Plaza Pública,34.0,54.0,12.0,704,,,,,online,292,0,https://insight-chile.cl/storage/2019/08/Track-PP-292-Agosto-S3-VF.pdf
129,19-08-2019,,19-08-2019,Sebastián Piñera,Activa Research,Pulso Ciudadano,23.9,63.7,12.4,,,,,,online,,1,
130,22-08-2019,21-08-2019,22-08-2019,Sebastián Piñera,Cadem,Plaza Pública,29.0,57.0,14.0,705,,,,,online,293,0,https://insight-chile.cl/storage/2019/08/Track-PP-293-Agosto-S4-VF.pdf
131,29-08-2019,28-08-2019,29-08-2019,Sebastián Piñera,Cadem,Plaza Pública,32.0,56.0,12.0,702,,,,,online,294,0,https://insight-chile.cl/storage/2019/09/Track-PP-294-Agosto-S5-VF-2.pdf
132,29-08-2019,09-08-2019,29-08-2019,Sebastián Piñera,Activa Research,Pulso Ciudadano,23.9,63.7,12.4,1030,,,,,online,Agosto 2019,0,https://www.activasite.com/wp-content/uploads/2020/01/Pulso-Ciudadano-Agosto.pdf
133,30-08-2019,23-08-2019,30-08-2019,Sebastián Piñera,Criteria,Agenda Criteria,34,65,1,907,,,,,online,Agosto 2019,0,https://web.archive.org/web/20211122011708/https://www.criteria.cl/wp-content/uploads/2019/09/ACC-Agosto-2019.pdf
134,05-09-2019,04-09-2019,05-09-2019,Sebastián Piñera,Cadem,Plaza Pública,30.0,55.0,15.0,707,,,,,online,295,0,https://insight-chile.cl/storage/2019/09/Track-PP-295-Septiembre-S1-VF-1.pdf
135,12-09-2019,11-09-2019,12-09-2019,Sebastián Piñera,Cadem,Plaza Pública,30.0,54.0,16.0,703,,,,,online,296,0,https://insight-chile.cl/storage/2019/09/Track-PP-296-Septiembre-S2-VF-1.pdf
136,16-09-2019,16-09-2019,16-09-2019,Sebastián Piñera,Cadem,Plaza Pública,33.0,53.0,14.0,705,,,,,online,297,0,https://insight-chile.cl/storage/2019/09/Track-PP-297-Septiembre-S3-VF-1.pdf
137,18-09-2019,,18-09-2019,Sebastián Piñera,Activa Research,Pulso Ciudadano,24.0,66.1,9.9,,,,,,online,,1,
138,23-09-2019,,23-09-2019,Sebastián Piñera,Criteria,Agenda Criteria,33.0,55.0,12.0,,,,,,online,Citado en CNN Chile (23-09-2019),0,https://www.cnnchile.com/pais/criteria-desaprobacion-pinera-acusacion-cubillos_20191003/
139,25-09-2019,11-09-2019,25-09-2019,Sebastián Piñera,Activa Research,Pulso Ciudadano,24.0,66.1,9.8,1061,,,,,online,Septiembre 2019,0,https://www.activasite.com/wp-content/uploads/2020/01/Pulso-Ciudadano-Septiembre.pdf
140,26-09-2019,25-09-2019,26-09-2019,Sebastián Piñera,Cadem,Plaza Pública,33.0,53.0,14.0,707,,,,,online,298,0,https://insight-chile.cl/storage/2019/09/Track-PP-298-Septiembre-S4-VFOK.pdf
141,30-09-2019,17-09-2019,30-09-2019,Sebastián Piñera,Criteria,Agenda Criteria,33,55,12,827,,,,,online,Septiembre 2019,0,https://web.archive.org/web/20211105163824/https://www.criteria.cl/wp-content/uploads/2019/10/ACC-Septiembre-2019.pdf
142,03-10-2019,02-10-2019,03-10-2019,Sebastián Piñera,Cadem,Plaza Pública,34.0,53.0,13.0,707,,,,,online,299,0,https://insight-chile.cl/storage/2019/10/Track-PP-299-Octubre-S1-VF.pdf
143,10-10-2019,09-10-2019,10-10-2019,Sebastián Piñera,Cadem,Plaza Pública,31.0,55.0,14.0,706,,,,,online,300,0,https://insight-chile.cl/storage/2019/10/Track-PP-300-Octubre-S2-VF_ok-1.pdf
144,17-10-2019,16-10-2019,17-10-2019,Sebastián Piñera,Cadem,Plaza Pública,29.0,58.0,13.0,706,,,,,online,301,0,https://insight-chile.cl/storage/2019/10/Track-PP-301-Octubre-S3-VF.pdf
145,20-10-2019,,20-10-2019,Sebastián Piñera,Activa Research,Pulso Ciudadano,17.3,74.1,8.6,,,,,,online,Citado en El Mostrador (20-10-2019),0,https://www.elmostrador.cl/noticias/pais/2019/12/02/la-pesadilla-de-pinera-cifras-negras-en-aprobacion-alcanzan-nuevos-minimos-historicos/
146,22-10-2019,22-10-2019,22-10-2019,Sebastián Piñera,Activa Research,Pulso Ciudadano,13.9,78.8,7.3,2090,,,,,online,Citado en activasite.com (22-10-2019),0,https://www.activasite.com/wp-content/uploads/2019/10/Pulso-Ciudadano-Crisis-en-Chile.pdf
147,24-10-2019,23-10-2019,24-10-2019,Sebastián Piñera,Cadem,Plaza Pública,14,78,2,1000,,,,,online,302,0,https://insight-chile.cl/storage/2019/10/Track-PP-302-Octubre-S4-VF.pdf
148,27-10-2019,25-10-2019,27-10-2019,Sebastián Piñera,Criteria,Agenda Criteria,16.0,78.0,6.0,1005,,,,,online,Octubre 2019,0,https://web.archive.org/web/20211018164506/https://www.criteria.cl/wp-content/uploads/2019/11/ACC-Octubre-2019.pdf
149,29-10-2019,29-10-2019,29-10-2019,Sebastián Piñera,Cadem,Plaza Pública,13.0,79.0,8.0,708,,,,,online,303,0,https://insight-chile.cl/storage/2019/11/Track-PP-303-Octubre-S5-VF.pdf
150,30-10-2019,10-10-2019,30-10-2019,Sebastián Piñera,Activa Research,Pulso Ciudadano,17.3,74.1,8.6,1304,,,,,online,Octubre 2019,0,https://www.activasite.com/wp-content/uploads/2020/01/Pulso-Ciudadano-Octubre.pdf
151,07-11-2019,06-11-2019,07-11-2019,Sebastián Piñera,Cadem,Plaza Pública,15.0,79.0,6.0,703,,,,,online,304,0,https://insight-chile.cl/storage/2019/11/Track-PP-304-Noviembre-S1-VF2ok.pdf
152,15-11-2019,15-11-2019,15-11-2019,Sebastián Piñera,Cadem,Plaza Pública,17.0,77.0,6.0,704,,,,,online,305,0,https://insight-chile.cl/storage/2019/11/Track-PP-305-Noviembre-S2-VF-comprimido.pdf
153,16-11-2019,15-11-2019,16-11-2019,Sebastián Piñera,Activa Research,Pulso Ciudadano,9.6,85.0,5.4,2000,,,,,online,Citado en activasite.com (16-11-2019),0,https://www.activasite.com/wp-content/uploads/2019/11/Pulso-Ciudadano-Proceso-Constituyente-.pdf
154,21-11-2019,21-11-2019,21-11-2019,Sebastián Piñera,Cadem,Plaza Pública,12.0,81.0,7.0,706,,,,,online,306,0,https://insight-chile.cl/storage/2019/11/Track-PP-306-Noviembre-S3-okokokokokVFC.pdf
155,24-11-2019,22-11-2019,24-11-2019,Sebastián Piñera,Activa Research,Pulso Ciudadano,8.8,83.8,7.4,1159,,,,,online,Citado en activasite.com (24-11-2019),0,https://www.activasite.com/wp-content/uploads/2020/01/524-de-los-chilenos-creen-que-las-pensiones-son-el-principal-problema-del-pai%CC%81s.pdf
156,26-11-2019,19-11-2019,26-11-2019,Sebastián Piñera,Criteria,Agenda Criteria,12,84,4,1014,,,,,online,Noviembre 2019,0,https://web.archive.org/web/20220918153718/https://www.criteria.cl/wp-content/uploads/2019/11/ACC-Noviembre-2019.pdf
157,28-11-2019,28-11-2019,28-11-2019,Sebastián Piñera,CEP,Encuesta CEP,6.0,82.0,12.0,1496,,,,,presencial,Citado en CEP (28-11-2019),0,https://web.archive.org/web/20210106143413/https://www.cepchile.cl/cep/encuestas-cep/encuestas-2009-2018/estudio-nacional-de-opinion-publica-n-84-diciembre-2019
158,28-11-2019,28-11-2019,28-11-2019,Sebastián Piñera,Cadem,Plaza Pública,10.0,82.0,8.0,708,,,,,online,307,0,https://insight-chile.cl/storage/2019/12/Track-PP-307-Noviembre-S4-VF-_compressedok.pdf
159,05-12-2019,05-12-2019,05-12-2019,Sebastián Piñera,Cadem,Plaza Pública,13.0,77.0,10.0,713,,,,,online,308,0,https://insight-chile.cl/storage/2019/12/Track-PP-308-Diciembre-S1-VF.pdf
160,09-12-2019,08-12-2019,09-12-2019,Sebastián Piñera,TuInfluyes.com,DataInfluye,10.2,67.3,22.5,801,,,,,online,Citado en tuinfluyes.com (09-12-2019),0,https://web.archive.org/web/20211202141704/https://tuinfluyes.com/assets/estudios/estudio_cuantitativo_estallido_social_proceso_constituyente_y_actores_politicos_en_chile_dic_2019.pdf
161,12-12-2019,11-12-2019,12-12-2019,Sebastián Piñera,Cadem,Plaza Pública,13.0,79.0,8.0,705,,,,,online,309,0,https://insight-chile.cl/storage/2019/12/Track-PP-309-Diciembre-S2-VF_Baja.pdf
162,19-12-2019,18-12-2019,19-12-2019,Sebastián Piñera,Cadem,Plaza Pública,11.0,81.0,8.0,702,,,,,online,310,0,https://insight-chile.cl/storage/2020/01/Track-PP-310-Diciembre-S3-VFBaja.pdf
163,24-12-2019,,24-12-2019,Sebastián Piñera,Criteria,Agenda Criteria,16.0,77.0,7.0,,,,,,online,Diciembre 2019,0,https://www.criteria.cl/site/wp-content/uploads/2025/09/ACC-Diciembre-2019-Vj5Ka.pdf
164,26-12-2019,26-12-2019,26-12-2019,Sebastián Piñera,Cadem,Plaza Pública,11.0,80.0,9.0,711,,,,,online,311,0,https://insight-chile.cl/storage/2019/12/Track-PP-311-Diciembre-S4-VFok_compressed-1_compressed-min-1.pdf
165,26-12-2019,17-12-2019,26-12-2019,Sebastián Piñera,Activa Research,Pulso Ciudadano,10.1,81.2,8.7,1030,,,,,online,Diciembre 2019,0,https://www.activasite.com/wp-content/uploads/2020/01/PULSO-CIUDADANO-DICIEMBRE-2019.pdf
166,30-12-2019,18-12-2019,30-12-2019,Sebastián Piñera,Criteria,Agenda Criteria,16,77,7,951,,,,,online,Diciembre 2019,0,https://www.criteria.cl/descargas/ACC-Diciembre-2019-Vj5Ka.pdf
167,02-01-2020,02-01-2020,02-01-2020,Sebastián Piñera,Cadem,Plaza Pública,13.0,80.0,7.0,709,,,,,online,312,0,https://insight-chile.cl/storage/2020/01/Track-PP-312-Enero-S1-VF_Baja-1.pdf
168,09-01-2020,08-01-2020,09-01-2020,Sebastián Piñera,Cadem,Plaza Pública,10.0,82.0,8.0,707,,,,,online,313,0,http://web.archive.org/web/20210309010430/https://www.cadem.cl/wp-content/uploads/2020/01/Track-PP-313-Enero-S2-VF_Baja.pdf
169,13-01-2020,,13-01-2020,Sebastián Piñera,Cadem,Plaza Pública,6.6,84.1,9.3,,,,,,online,313,0,https://insight-chile.cl/storage/2020/01/Track-PP-313-Enero-S2-VF_Baja.pdf
170,16-01-2020,15-01-2020,16-01-2020,Sebastián Piñera,Cadem,Plaza Pública,10.0,82.0,8.0,709,,,,,online,314,0,https://insight-chile.cl/storage/2020/01/Track-PP-314-Enero-S3-VF_Baja.pdf
171,16-01-2020,10-01-2020,16-01-2020,Sebastián Piñera,Activa Research,Pulso Ciudadano,6.6,84.1,9.3,950,,,,,online,Enero 2020,0,https://www.activasite.com/wp-content/uploads/2020/01/PULSO-CIUDADANO-ENERO-2020.pdf
172,19-01-2020,18-01-2020,19-01-2020,Sebastián Piñera,TuInfluyes.com,DataInfluye,8.0,75.0,17.0,1033,,,,,online,Enero 2020,0,https://web.archive.org/web/20211202154253/https://tuinfluyes.com/assets/estudios/ESTUDIO_TUINFLUYES_ENERO_PLEBISCITO_2020.pdf
173,23-01-2020,22-01-2020,23-01-2020,Sebastián Piñera,Cadem,Plaza Pública,12.0,80.0,8.0,709,,,,,online,315,0,https://insight-chile.cl/storage/2020/01/Track-PP-315-Enero-S4-VF.pdf
174,28-01-2020,21-01-2020,28-01-2020,Sebastián Piñera,Criteria,Agenda Criteria,11,84,5,806,,,,,online,Enero 2020,0,https://www.criteria.cl/descargas/ACC-Enero-2020-4u3p8.pdf
175,30-01-2020,29-01-2020,30-01-2020,Sebastián Piñera,Cadem,Plaza Pública,11.0,82.0,7.0,708,,,,,online,316,0,https://insight-chile.cl/storage/2020/02/Track-PP-316-Enero-S5-VF_Baja.pdf
176,30-01-2020,24-01-2020,30-01-2020,Sebastián Piñera,Activa Research,Pulso Ciudadano,11.6,80.7,7.7,975,,,,,online,Enero 2020 Q2,0,https://www.activasite.com/wp-content/uploads/2020/02/PULSO-CIUDADANO-ENERO-2020-Q2.pdf
177,06-02-2020,05-02-2020,06-02-2020,Sebastián Piñera,Cadem,Plaza Pública,9.0,84.0,7.0,709,,,,,online,317,0,https://insight-chile.cl/storage/2020/02/Track-PP-317-Febrero-S1-VF_Baja-1.pdf
178,09-02-2020,,09-02-2020,Sebastián Piñera,Cadem,Plaza Pública,7.0,83.0,10.0,,,,,,online,317,0,https://insight-chile.cl/storage/2020/02/Track-PP-317-Febrero-S1-VF_Baja-1.pdf
179,13-02-2020,12-02-2020,13-02-2020,Sebastián Piñera,Cadem,Plaza Pública,13.0,78.0,9.0,705,,,,,online,318,0,https://insight-chile.cl/storage/2020/02/Track-PP-318-Febrero-S2-VF_Baja.pdf
180,13-02-2020,06-02-2020,13-02-2020,Sebastián Piñera,Activa Research,Pulso Ciudadano,7.0,83.0,10.0,1045,,,,,online,Febrero 2020 Q1,0,https://www.activasite.com/wp-content/uploads/2020/02/PULSO-CIUDADANO-FEBRERO-2020_Q1.pdf
181,16-02-2020,15-02-2020,16-02-2020,Sebastián Piñera,TuInfluyes.com,DataInfluye,8.0,73.0,19.0,1445,,,,,online,Febrero 2020,0,https://web.archive.org/web/20211202124027/https://tuinfluyes.com/assets/estudios/ESTUDIO_TUINFLUYES_FEBRERO_2020.pdf
182,20-02-2020,19-02-2020,20-02-2020,Sebastián Piñera,Cadem,Plaza Pública,12.0,83.0,5.0,705,,,,,online,319,0,https://insight-chile.cl/storage/2020/02/Track-PP-319-Febrero-S3-VF_Baja.pdf
183,27-02-2020,26-02-2020,27-02-2020,Sebastián Piñera,Cadem,Plaza Pública,12.0,81.0,7.0,702,,,,,online,320,0,https://insight-chile.cl/storage/2020/03/Track-PP-320-Febrero-S4-VF_Baja.pdf
184,28-02-2020,20-02-2020,28-02-2020,Sebastián Piñera,Activa Research,Pulso Ciudadano,6.7,81.4,11.9,1043,,,,,online,Febrero 2020 Q2,0,https://www.activasite.com/wp-content/uploads/2020/03/Pulso-Ciudadano-Febrero-Q2.pdf
185,29-02-2020,19-02-2020,29-02-2020,Sebastián Piñera,Criteria,Agenda Criteria,14,80,6,796,,,,,online,Febrero 2020,0,https://www.criteria.cl/descargas/ACC-Febrero-2020-5eG8y.pdf
186,04-03-2020,,04-03-2020,Sebastián Piñera,Criteria,Agenda Criteria,23.0,70.0,7.0,,,,,,online,Marzo 2020,0,https://www.criteria.cl/site/wp-content/uploads/2025/09/ACC-Marzo-2020-4efp9.pdf
187,05-03-2020,04-03-2020,05-03-2020,Sebastián Piñera,Cadem,Plaza Pública,11.0,81.0,8.0,707,,,,,online,321,0,https://insight-chile.cl/storage/2020/03/Track-PP-321-Marzo-S1-VF_Baja.pdf
188,12-03-2020,11-03-2020,12-03-2020,Sebastián Piñera,Cadem,Plaza Pública,12.0,81.0,7.0,702,,,,,online,322,0,https://insight-chile.cl/storage/2020/03/Track-PP-322-Marzo-S2-VF.pdf
189,12-03-2020,05-03-2020,12-03-2020,Sebastián Piñera,Activa Research,Pulso Ciudadano,9.0,77.8,13.2,1135,,,,,online,Marzo 2020 Q1,0,https://www.activasite.com/wp-content/uploads/2020/03/Pulso-Ciudadano-Marzo-Q1.pdf
190,15-03-2020,14-03-2020,15-03-2020,Sebastián Piñera,TuInfluyes.com,DataInfluye,8.0,76.0,16.0,1273,,,,,online,Marzo 2020,0,https://web.archive.org/web/20211202135415/https://tuinfluyes.com/assets/estudios/ESTUDIO_TUINFLUYES_MARZO_2020.pdf
191,19-03-2020,18-03-2020,19-03-2020,Sebastián Piñera,Cadem,Plaza Pública,18.0,71.0,11.0,702,,,,,online,323,0,https://insight-chile.cl/storage/2020/03/Track-PP-323-Marzo-S3-VF_Baja.pdf
192,21-03-2020,,21-03-2020,Sebastián Piñera,Cadem,Plaza Pública,16.0,73.0,11.0,,,,,,online,322,0,https://insight-chile.cl/storage/2020/03/Track-PP-322-Marzo-S2-VF.pdf
193,24-03-2020,23-03-2020,24-03-2020,Sebastián Piñera,Feedback Research,Estudio Feedback,25.0,63.0,12.0,1965,,,,,telefónica,Citado en aimchile.cl (24-03-2020),0,https://aimchile.cl/wp-content/uploads/2020/03/Informe-Crisis-Coronavirus-2020.pdf
194,26-03-2020,25-03-2020,26-03-2020,Sebastián Piñera,Cadem,Plaza Pública,21.0,68.0,11.0,707,,,,,online,324,0,https://insight-chile.cl/storage/2020/03/Track-PP-324-Marzo-S4-VF_Baja.pdf
195,27-03-2020,20-03-2020,27-03-2020,Sebastián Piñera,Activa Research,Pulso Ciudadano,11.6,78.6,9.8,1230,,,,,online,Marzo 2020 Q2,0,https://www.activasite.com/wp-content/uploads/2020/04/Pulso-Ciudadano-Segunda-Quincena-Marzo.pdf
196,28-03-2020,26-03-2020,28-03-2020,Sebastián Piñera,Criteria,Agenda Criteria,15.0,80.0,5.0,800,,,,,online,Marzo 2020,0,https://www.criteria.cl/descargas/ACC-Marzo-2020-4efp9.pdf
197,02-04-2020,01-04-2020,02-04-2020,Sebastián Piñera,Cadem,Plaza Pública,19.0,72.0,9.0,707,,,,,online,325,0,https://insight-chile.cl/storage/2020/04/Track-PP-325-Abril-S1-VF_Baja.pdf
198,08-04-2020,08-04-2020,08-04-2020,Sebastián Piñera,Cadem,Plaza Pública,22.0,67.0,11.0,709,,,,,online,326,0,https://insight-chile.cl/storage/2020/04/Track-PP-326-Abril-S2.pdf
199,09-04-2020,03-04-2020,09-04-2020,Sebastián Piñera,Activa Research,Pulso Ciudadano,14.3,75.1,10.6,1270,,,,,online,Abril 2020 Q1,0,https://www.activasite.com/wp-content/uploads/2020/04/Pulso-Ciudadano-Primera-Quincena-Abril.pdf
200,15-04-2020,15-04-2020,15-04-2020,Sebastián Piñera,Cadem,Plaza Pública,25.0,65.0,10.0,707,,,,,online,327,0,https://insight-chile.cl/storage/2020/04/Track-PP-327-Abril-S3-VF-_Baja.pdf
201,18-04-2020,17-04-2020,18-04-2020,Sebastián Piñera,TuInfluyes.com,DataInfluye,13.0,69.0,18.0,1282,,,,,online,Abril 2020,0,https://web.archive.org/web/20211202122917/https://tuinfluyes.com/assets/estudios/ESTUDIO_TUINFLUYES_ABRIL_2020.pdf
202,22-04-2020,22-04-2020,22-04-2020,Sebastián Piñera,Cadem,Plaza Pública,24.0,65.0,11.0,709,,,,,online,328,0,https://insight-chile.cl/storage/2020/04/Track-PP-328-Abril-S4-VF_Baja.pdf
203,27-04-2020,27-04-2020,27-04-2020,Sebastián Piñera,Activa Research,Pulso Ciudadano,13.2,72.8,14.0,1227,,,,,online,Abril 2020 Q2,0,https://www.activasite.com/wp-content/uploads/2020/04/Pulso-Ciudadano-Segunda-Quincena-Abril.pdf
204,29-04-2020,29-04-2020,29-04-2020,Sebastián Piñera,Cadem,Plaza Pública,25.0,64.0,11.0,712,,,,,online,329,0,https://insight-chile.cl/storage/2020/05/Track-PP-329-Abril-S5-VF_Baja.pdf
205,03-05-2020,30-04-2020,03-05-2020,Sebastián Piñera,Feedback Research,Estudio Feedback,32.0,56.0,12.0,1724,,,,,telefónica,Citado en aimchile.cl (03-05-2020),0,https://www.aimchile.cl/wp-content/uploads/2020/05/Informe-Encuesta-Abril-2020-Crisis-Coronavirus-II.pdf
206,04-05-2020,29-04-2020,04-05-2020,Sebastián Piñera,Criteria,Agenda Criteria,23,70,7,800,,,,,online,Abril 2020,0,https://www.criteria.cl/descargas/ACC-Abril-2020-vN4ty.pdf
207,06-05-2020,06-05-2020,06-05-2020,Sebastián Piñera,Cadem,Plaza Pública,25.0,66.0,9.0,707,,,,,online,330,0,https://insight-chile.cl/storage/2020/05/Track-PP-330-Mayo-S1_Baja.pdf
208,11-05-2020,11-05-2020,11-05-2020,Sebastián Piñera,Activa Research,Pulso Ciudadano,18.0,73.8,8.2,1209,,,,,online,Mayo 2020 Q1,0,https://www.activasite.com/wp-content/uploads/2020/05/Pulso-Ciudadano_Primera-Quincena-de-Mayo.pdf
209,13-05-2020,13-05-2020,13-05-2020,Sebastián Piñera,Cadem,Plaza Pública,24.0,66.0,10.0,706,,,,,online,331,0,https://insight-chile.cl/storage/2020/05/Track-PP-331-Mayo-S2-VF_Baja.pdf
210,18-05-2020,17-05-2020,18-05-2020,Sebastián Piñera,TuInfluyes.com,DataInfluye,15.0,65.0,20.0,1804,,,,,online,Mayo 2020,0,https://web.archive.org/web/20211202130623/https://tuinfluyes.com/assets/estudios/ESTUDIO_TUINFLUYES_MAYO_2020.pdf
211,21-05-2020,20-05-2020,21-05-2020,Sebastián Piñera,Cadem,Plaza Pública,27.0,63.0,10.0,708,,,,,online,332,0,https://insight-chile.cl/storage/2020/05/Track-PP-332-Mayo-S3-VF_Baja.pdf
212,27-05-2020,27-05-2020,27-05-2020,Sebastián Piñera,Cadem,Plaza Pública,29.0,60.0,11.0,707,,,,,online,333,0,https://insight-chile.cl/storage/2020/05/Track-PP-333-Mayo-S4-VF_Baja.pdf
213,29-05-2020,28-05-2020,29-05-2020,Sebastián Piñera,Activa Research,Pulso Ciudadano,12.7,73.6,13.7,1215,,,,,online,Mayo 2020 Q2,0,https://www.activasite.com/wp-content/uploads/2020/05/Pulso-Ciudadano-Segunda-Quincena-de-Mayo.pdf
214,29-05-2020,26-05-2020,29-05-2020,Sebastián Piñera,Criteria,Agenda Criteria,24.0,68.0,8.0,800,,,,,online,Mayo 2020,0,https://www.criteria.cl/descargas/ACC-Mayo-2020-3phtk.pdf
215,04-06-2020,03-06-2020,04-06-2020,Sebastián Piñera,Cadem,Plaza Pública,27.0,64.0,9.0,702,,,,,online,334,0,https://insight-chile.cl/storage/2020/06/Track-PP-334-Junio-S1-VF_Baja.pdf
216,11-06-2020,10-06-2020,11-06-2020,Sebastián Piñera,Cadem,Plaza Pública,24.0,65.0,11.0,705,,,,,online,335,0,https://insight-chile.cl/storage/2020/06/Track-PP-335-Junio-S2.pdf
217,12-06-2020,11-06-2020,12-06-2020,Sebastián Piñera,Activa Research,Pulso Ciudadano,13.6,75.6,10.8,1730,,,,,online,Junio 2020 Q1,0,https://www.activasite.com/wp-content/uploads/2020/06/Pulso-Ciudadano-Junio-Q1.pdf
218,18-06-2020,17-06-2020,18-06-2020,Sebastián Piñera,Cadem,Plaza Pública,24.0,65.0,11.0,703,,,,,online,336,0,https://insight-chile.cl/storage/2020/06/Track-PP-336-Junio-S3.pdf
219,20-06-2020,19-06-2020,20-06-2020,Sebastián Piñera,TuInfluyes.com,DataInfluye,13.0,66.0,21.0,1961,,,,,online,Junio 2020,0,https://web.archive.org/web/20211202123301/https://tuinfluyes.com/assets/estudios/ESTUDIO_TUINFLUYES_JUNIO_2020.pdf
220,25-06-2020,24-06-2020,25-06-2020,Sebastián Piñera,Cadem,Plaza Pública,27.0,62.0,11.0,706,,,,,online,337,0,https://insight-chile.cl/storage/2020/06/Track-PP-337-Junio-S4-VF_Baja.pdf
221,27-06-2020,26-06-2020,27-06-2020,Sebastián Piñera,Activa Research,Pulso Ciudadano,12.5,76.6,10.9,1260,,,,,online,Junio 2020 Q2,0,https://www.activasite.com/wp-content/uploads/2020/06/Pulso-Ciudadano-Junio-Q2.pdf
222,30-06-2020,25-06-2020,30-06-2020,Sebastián Piñera,Criteria,Agenda Criteria,17,77,6,800,,,,,online,Junio 2020,0,https://www.criteria.cl/descargas/Agenda_Criteria_Junio_2020.pdf
223,02-07-2020,01-07-2020,02-07-2020,Sebastián Piñera,Cadem,Plaza Pública,23.0,65.0,12.0,702,,,,,online,338,0,https://insight-chile.cl/storage/2020/07/Track-PP-338-Julio-S1.pdf
224,09-07-2020,08-07-2020,09-07-2020,Sebastián Piñera,Cadem,Plaza Pública,17.0,71.0,12.0,704,,,,,online,339,0,https://insight-chile.cl/storage/2020/07/Track-PP-339-Julio-S2.pdf
225,10-07-2020,09-07-2020,10-07-2020,Sebastián Piñera,Activa Research,Pulso Ciudadano,11.4,74.8,13.8,1340,,,,,online,Julio 2020 Q1,0,https://www.activasite.com/wp-content/uploads/2020/07/Pulso-Ciudadano_JULIO_Q1.pdf
226,16-07-2020,15-07-2020,16-07-2020,Sebastián Piñera,Cadem,Plaza Pública,16.0,74.0,10.0,706,,,,,online,340,0,https://insight-chile.cl/storage/2020/07/Track-PP-340-Julio-S3.pdf
227,22-07-2020,21-07-2020,22-07-2020,Sebastián Piñera,Feedback Research,Estudio Feedback,13.0,70.0,17.0,2190,,,,,telefónica,Citado en aimchile.cl (22-07-2020),0,https://aimchile.cl/wp-content/uploads/2020/08/InformeEncuestaJulio2020CrisisCoronavirus.pdf
228,23-07-2020,22-07-2020,23-07-2020,Sebastián Piñera,Cadem,Plaza Pública,12.0,78.0,10.0,707,,,,,online,341,0,https://insight-chile.cl/storage/2020/07/Track-PP-341-Julio-S4.pdf
229,25-07-2020,24-07-2020,25-07-2020,Sebastián Piñera,TuInfluyes.com,DataInfluye,9.0,73.0,18.0,2034,,,,,online,Julio 2020,0,https://web.archive.org/web/20211202122703/https://tuinfluyes.com/assets/estudios/ESTUDIO_TUINFLUYES_JULIO_2020.pdf
230,29-07-2020,29-07-2020,29-07-2020,Sebastián Piñera,Cadem,Plaza Pública,20.0,72.0,8.0,708,,,,,online,342,0,https://insight-chile.cl/storage/2020/08/Track-PP-342-Julio-S5.pdf
231,29-07-2020,27-07-2020,29-07-2020,Sebastián Piñera,Criteria,Agenda Criteria,12.0,82.0,6.0,800,,,,,online,Julio 2020,0,https://www.criteria.cl/descargas/Agenda_Criteria_Julio_2020-3hyGp.pdf
232,01-08-2020,30-07-2020,01-08-2020,Sebastián Piñera,Activa Research,Pulso Ciudadano,15.0,73.0,12.0,1430,,,,,online,Julio 2020 Q2,0,https://www.activasite.com/wp-content/uploads/2020/08/Pulso-Ciudadano_Julio-Q2.pdf
233,05-08-2020,05-08-2020,05-08-2020,Sebastián Piñera,Cadem,Plaza Pública,20.0,70.0,10.0,703,,,,,online,343,0,https://insight-chile.cl/storage/2020/08/Track-PP-343-Agosto-S1.pdf
234,12-08-2020,12-08-2020,12-08-2020,Sebastián Piñera,Cadem,Plaza Pública,19.0,71.0,10.0,703,,,,,online,344,0,https://insight-chile.cl/storage/2020/08/Track-PP-344-Agosto.pdf
235,14-08-2020,13-08-2020,14-08-2020,Sebastián Piñera,Activa Research,Pulso Ciudadano,14.6,67.5,17.9,1434,,,,,online,Agosto 2020 Q1,0,https://www.activasite.com/wp-content/uploads/2020/08/Pulso-Ciudadano-Agosto-Q1.pdf
236,20-08-2020,19-08-2020,20-08-2020,Sebastián Piñera,Cadem,Plaza Pública,20.0,71.0,9.0,705,,,,,online,345,0,https://insight-chile.cl/storage/2020/08/Track-PP-345-Agosto-S3.pdf
237,22-08-2020,21-08-2020,22-08-2020,Sebastián Piñera,TuInfluyes.com,DataInfluye,11.0,70.0,19.0,1940,,,,,online,Agosto 2020,0,http://web.archive.org/web/20211202125522/https://tuinfluyes.com/assets/estudios/ESTUDIO_TUINFLUYES_AGOSTO_2020.pdf
238,27-08-2020,26-08-2020,27-08-2020,Sebastián Piñera,Cadem,Plaza Pública,18.0,72.0,10.0,706,,,,,online,346,0,https://insight-chile.cl/storage/2020/08/Track-PP-346-Agosto-S4.pdf
239,28-08-2020,27-08-2020,28-08-2020,Sebastián Piñera,Activa Research,Pulso Ciudadano,20.9,69.2,9.9,1544,,,,,online,Agosto 2020 Q2,0,https://www.activasite.com/wp-content/uploads/2020/08/Pulso-Ciudadano_Agosto-Q2.pdf
240,31-08-2020,26-08-2020,31-08-2020,Sebastián Piñera,Criteria,Agenda Criteria,15,79,6,986,,,,,online,Agosto 2020,0,https://www.criteria.cl/descargas/Agenda_Criteria_Agosto_2020_6y7fw.pdf
241,03-09-2020,02-09-2020,03-09-2020,Sebastián Piñera,Cadem,Plaza Pública,19.0,72.0,9.0,703,,,,,online,347,0,https://insight-chile.cl/storage/2020/09/Track-PP-347-Septiembre-S1.pdf
242,11-09-2020,09-09-2020,11-09-2020,Sebastián Piñera,Cadem,Plaza Pública,22.0,69.0,9.0,705,,,,,online,348,0,https://insight-chile.cl/storage/2020/09/Track-PP-348-Septiembre-S2.pdf
243,12-09-2020,10-09-2020,12-09-2020,Sebastián Piñera,Activa Research,Pulso Ciudadano,19.7,69.7,10.5,1415,,,,,online,Septiembre 2020 Q1,0,https://www.activasite.com/wp-content/uploads/2020/09/Pulso-Ciudadano-Septiembre-Q1.pdf
244,16-09-2020,15-09-2020,16-09-2020,Sebastián Piñera,Cadem,Plaza Pública,21.0,68.0,11.0,704,,,,,online,349,0,https://insight-chile.cl/storage/2020/09/Track-PP-349-Septiembre-S3.pdf
245,17-09-2020,03-09-2020,17-09-2020,Sebastián Piñera,MORI,MORI,24,63,13,1000,,,,,online,Citado en fielchile.cl (17-09-2020),0,https://fielchile.cl/v2/barometro-del-trabajo/
246,24-09-2020,23-09-2020,24-09-2020,Sebastián Piñera,Cadem,Plaza Pública,22.0,68.0,10.0,702,,,,,online,350,0,https://insight-chile.cl/storage/2020/09/Track-PP-350-Septiembre-S4.pdf
247,26-09-2020,25-09-2020,26-09-2020,Sebastián Piñera,Activa Research,Pulso Ciudadano,24.0,67.2,8.8,1417,,,,,online,Septiembre 2020 Q2,0,https://www.activasite.com/wp-content/uploads/2020/09/Pulso-Ciudadano-Septiembre-Q2.pdf
248,30-09-2020,25-09-2020,30-09-2020,Sebastián Piñera,Criteria,Agenda Criteria,22,70,8,1503,,,,,online,Septiembre 2020,0,https://www.criteria.cl/descargas/Agenda_Criteria_Septiembre_2020_5f3gt.pdf
249,01-10-2020,01-10-2020,01-10-2020,Sebastián Piñera,Cadem,Plaza Pública,24.0,66.0,10.0,705,,,,,online,351,0,https://insight-chile.cl/storage/2020/10/Track-PP-351-Octubre-S1-VF.pdf
250,03-10-2020,02-10-2020,03-10-2020,Sebastián Piñera,TuInfluyes.com,DataInfluye,14.0,70.0,16.0,2145,,,,,online,Citado en tuinfluyes.com (03-10-2020),0,https://web.archive.org/web/20230507111227/https://tuinfluyes.com/assets/estudios/ESTUDIO_TUINFLUYES_ESPECIAL_PLEBISCITO_2020.pdf
251,07-10-2020,07-10-2020,07-10-2020,Sebastián Piñera,Cadem,Plaza Pública,18.0,75.0,7.0,703,,,,,online,352,0,https://insight-chile.cl/storage/2020/10/Track-PP-352-Octubre-S2-VF_compressed.pdf
252,14-10-2020,14-10-2020,14-10-2020,Sebastián Piñera,Cadem,Plaza Pública,16.0,75.0,9.0,704,,,,,online,353,0,https://insight-chile.cl/storage/2020/10/Track-PP-353-Octubre-S3.pdf
253,16-10-2020,15-10-2020,16-10-2020,Sebastián Piñera,Activa Research,Pulso Ciudadano,16.8,71.9,11.3,1458,,,,,online,Octubre 2020 Q1,0,https://www.activasite.com/wp-content/uploads/2020/10/Pulso_ciudadano_Octubre_Q1.pdf
254,22-10-2020,25-10-2020,22-10-2020,Sebastián Piñera,Cadem,Plaza Pública,15.0,77.0,8.0,705,,,,,online,354,0,https://insight-chile.cl/storage/2020/10/Track-PP-354-Octubre-S4-VF.pdf
255,25-10-2020,25-10-2020,25-10-2020,Sebastián Piñera,Cadem,Plaza Pública,14.0,78.0,8.0,968,,,,,online,Citado en insight-chile.cl (25-10-2020),0,https://insight-chile.cl/storage/2020/10/Post-Plebiscito-VF.pdf
256,29-10-2020,28-10-2020,29-10-2020,Sebastián Piñera,Cadem,Plaza Pública,17.0,72.0,11.0,707,,,,,online,355,0,https://insight-chile.cl/storage/2020/11/Track-PP-355-Octubre-S5.pdf
257,30-10-2020,29-10-2020,30-10-2020,Sebastián Piñera,Activa Research,Pulso Ciudadano,15.4,73.6,11.0,1016,,,,,online,Octubre 2020 Q2,0,https://www.activasite.com/wp-content/uploads/2020/11/Pulso_ciudadano_OCTUBRE_Q2.pdf
258,02-11-2020,30-10-2020,02-11-2020,Sebastián Piñera,TuInfluyes.com,DataInfluye,8.0,77.0,15.0,2004,,,,,online,Octubre 2020,0,https://web.archive.org/web/20211202131032/https://tuinfluyes.com/assets/estudios/ESTUDIO_TUINFLUYES_OCTUBRE_2020.pdf
259,03-11-2020,29-10-2020,03-11-2020,Sebastián Piñera,Criteria,Agenda Criteria,13.0,78.0,9.0,1376,,,,,online,Octubre 2020,0,https://www.criteria.cl/descargas/Agenda_Criteria_Octubre_2020-8htyd.pdf
260,05-11-2020,04-11-2020,05-11-2020,Sebastián Piñera,Cadem,Plaza Pública,18.0,72.0,10.0,705,,,,,online,356,0,https://insight-chile.cl/storage/2020/11/Track-PP-356-Noviembre-S1.pdf
261,12-11-2020,11-11-2020,12-11-2020,Sebastián Piñera,Cadem,Plaza Pública,16.0,72.0,12.0,706,,,,,online,357,0,https://insight-chile.cl/storage/2020/11/Track-PP-357-Noviembre-S2.pdf
262,13-11-2020,12-11-2020,13-11-2020,Sebastián Piñera,Activa Research,Pulso Ciudadano,12.3,74.3,13.4,1035,,,,,online,Noviembre 2020 Q1,0,https://www.activasite.com/wp-content/uploads/2020/11/Pulso_ciudadano_NOVIEMBRE_Q1.pdf
263,18-11-2020,18-11-2020,18-11-2020,Sebastián Piñera,Cadem,Plaza Pública,16.0,73.0,11.0,706,,,,,online,358,0,https://insight-chile.cl/storage/2020/11/Track-PP-358-Noviembre-S3.pdf
264,21-11-2020,,21-11-2020,Sebastián Piñera,Cadem,Plaza Pública,13.0,78.0,9.0,,,,,,online,Citado en BioBioChile (21-11-2020),0,https://www.biobiochile.cl/noticias/nacional/chile/2020/11/30/cadem-presidente-pinera-llega-a-su-nivel-mas-bajo-de-aprobacion-desde-julio-con-un-13.shtml
265,26-11-2020,25-11-2020,26-11-2020,Sebastián Piñera,Activa Research,Pulso Ciudadano,11.2,81.2,7.6,1177,,,,,online,Noviembre 2020 Q2,0,https://www.activasite.com/wp-content/uploads/2020/11/Pulso_ciudadano_NOVIEMBRE_Q2.pdf
266,27-11-2020,15-11-2020,27-11-2020,Sebastián Piñera,Cadem,Plaza Pública,13,78,4,703,,,,,online,359,0,https://insight-chile.cl/storage/2020/11/Track-PP-359-Noviembre-S4.pdf
267,28-11-2020,27-11-2020,28-11-2020,Sebastián Piñera,TuInfluyes.com,DataInfluye,7.0,82.0,11.0,1702,,,,,online,Noviembre 2020,0,https://web.archive.org/web/20211202140347/https://tuinfluyes.com/assets/estudios/ESTUDIO_TUINFLUYES_NOVIEMBRE_2020.pdf
268,02-12-2020,02-12-2020,02-12-2020,Sebastián Piñera,Cadem,Plaza Pública,12.0,78.0,10.0,706,,,,,online,360,0,https://insight-chile.cl/storage/2020/12/Track-PP-360-Diciembre-S1.pdf
269,09-12-2020,09-12-2020,09-12-2020,Sebastián Piñera,Cadem,Plaza Pública,14.0,76.0,10.0,703,,,,,online,361,0,https://insight-chile.cl/storage/2020/12/Track-PP-361-Diciembre-S2.pdf
270,09-12-2020,02-12-2020,09-12-2020,Sebastián Piñera,Criteria,Agenda Criteria,7,87,6,957,,,,,online,Noviembre 2020,0,https://www.criteria.cl/descargas/Agenda_Criteria_Noviembre_2020-5fp6h.pdf
271,12-12-2020,10-12-2020,12-12-2020,Sebastián Piñera,Activa Research,Pulso Ciudadano,10.0,79.1,10.9,1321,,,,,online,Diciembre 2020,0,https://www.activasite.com/wp-content/uploads/2020/12/Informe_Pulso_ciudadano_DICIEMBREQ1.pdf
272,15-12-2020,17-11-2020,15-12-2020,Sebastián Piñera,Feedback Research,Estudio Feedback,4.0,86.0,10.0,1239,,,,,telefónica,Citado en media.elmostrador.cl (15-12-2020),0,https://media.elmostrador.cl/2021/01/Graficos-Encuesta-Jovenes-2020.pdf
273,17-12-2020,16-12-2020,17-12-2020,Sebastián Piñera,Cadem,Plaza Pública,14.0,75.0,11.0,707,,,,,online,362,0,https://insight-chile.cl/storage/2020/12/Track-PP-362-Diciembre-S3-VF_Baja.pdf
274,23-12-2020,22-12-2020,23-12-2020,Sebastián Piñera,Cadem,Plaza Pública,17.0,70.0,13.0,710,,,,,online,363,0,https://insight-chile.cl/storage/2020/12/Track-PP-363-Diciembre-S4-VF_.pdf
275,28-12-2020,23-12-2020,28-12-2020,Sebastián Piñera,Activa Research,Pulso Ciudadano,8.9,83.0,8.1,1004,,,,,online,Diciembre 2020,0,https://www.activasite.com/wp-content/uploads/2020/12/Pulso_ciudadano_DICIEMBREQ2_Resultados.pdf
276,30-12-2020,29-12-2020,30-12-2020,Sebastián Piñera,Cadem,Plaza Pública,17.0,70.0,13.0,704,,,,,online,364,0,https://insight-chile.cl/storage/2021/01/Track-PP-364-Diciembre-S5.pdf
277,30-12-2020,30-12-2020,30-12-2020,Sebastián Piñera,Criteria,Agenda Criteria,15.0,77.0,8.0,1550,,,,,online,Diciembre 2020,0,https://www.criteria.cl/descargas/Agenda_Criteria_Diciembre_2020-KhLp4.pdf
278,02-01-2021,01-01-2021,02-01-2021,Sebastián Piñera,TuInfluyes.com,DataInfluye,11.0,74.0,15.0,1568,,,,,online,Diciembre 2020,0,http://web.archive.org/web/20220516220232/https://www.tuinfluyes.com/assets/estudios/ESTUDIO_TUINFLUYES_DICIEMBRE_2020.pdf
279,07-01-2021,06-01-2021,07-01-2021,Sebastián Piñera,Cadem,Plaza Pública,18.0,69.0,13.0,703,,,,,online,365,0,https://insight-chile.cl/storage/2021/01/Track-PP-365-Enero-S1.pdf
280,13-01-2021,12-01-2021,13-01-2021,Sebastián Piñera,Activa Research,Pulso Ciudadano,13.9,74.5,11.6,1003,,,,,online,Enero 2021 Q1,0,https://www.activasite.com/wp-content/uploads/2021/01/Informe_Pulso_ciudadano_ENERO_2021_Q1.pdf
281,14-01-2021,13-01-2021,14-01-2021,Sebastián Piñera,Cadem,Plaza Pública,17.0,72.0,11.0,704,,,,,online,366,0,https://insight-chile.cl/storage/2021/01/Track-PP-366-Enero-S2.pdf
282,21-01-2021,20-01-2021,21-01-2021,Sebastián Piñera,Cadem,Plaza Pública,19.0,71.0,10.0,710,,,,,online,367,0,https://insight-chile.cl/storage/2021/01/Track-PP-367-Enero-S3.pdf
283,27-01-2021,26-01-2021,27-01-2021,Sebastián Piñera,Activa Research,Pulso Ciudadano,12.4,73.6,14.0,1041,,,,,online,Enero 2021 Q2,0,https://www.activasite.com/wp-content/uploads/2021/02/Pulso_Ciudadano_ENERO_Q2.pdf
284,28-01-2021,27-01-2021,28-01-2021,Sebastián Piñera,Cadem,Plaza Pública,19.0,71.0,10.0,702,,,,,online,368,0,https://insight-chile.cl/storage/2021/01/Track-PP-368-Enero-S4.pdf
285,01-02-2021,29-01-2021,01-02-2021,Sebastián Piñera,Criteria,Agenda Criteria,13.0,80.0,7.0,1000,,,,,online,Enero 2021,0,https://www.criteria.cl/descargas/Agenda_Criteria_Enero_2021-3wp5b.pdf
286,01-02-2021,29-01-2021,01-02-2021,Sebastián Piñera,TuInfluyes.com,DataInfluye,11.0,71.0,18.0,1613,,,,,online,Enero 2021,0,https://web.archive.org/web/20211202124920/https://tuinfluyes.com/assets/estudios/ESTUDIO_TUINFLUYES_ENERO_2021.pdf
287,04-02-2021,03-02-2021,04-02-2021,Sebastián Piñera,Cadem,Plaza Pública,22.0,69.0,9.0,704,,,,,online,369,0,https://insight-chile.cl/storage/2021/02/Track-PP-369-Febrero-S1.pdf
288,10-02-2021,09-02-2021,10-02-2021,Sebastián Piñera,Activa Research,Pulso Ciudadano,14.5,70.0,15.5,1003,,,,,online,Febrero 2021 Q1,0,https://www.activasite.com/wp-content/uploads/2021/02/Pulso_ciudadano_FEBRERO_Q1.pdf
289,11-02-2021,10-02-2021,11-02-2021,Sebastián Piñera,Cadem,Plaza Pública,23.0,66.0,11.0,705,,,,,online,370,0,https://insight-chile.cl/storage/2021/02/Track-PP-370-Febrero-S2.pdf
290,18-02-2021,17-02-2021,18-02-2021,Sebastián Piñera,Cadem,Plaza Pública,24.0,65.0,11.0,702,,,,,online,371,0,https://insight-chile.cl/storage/2021/02/Track-PP-371-Febrero-S3-VF.pdf
291,24-02-2021,23-02-2021,24-02-2021,Sebastián Piñera,Activa Research,Pulso Ciudadano,14.9,64.8,20.3,1083,,,,,online,Febrero 2021 Q2,0,https://www.activasite.com/wp-content/uploads/2021/03/Pulso_Ciudadano_Febrero_Q2.pdf
292,25-02-2021,24-02-2021,25-02-2021,Sebastián Piñera,Cadem,Plaza Pública,24.0,65.0,11.0,703,,,,,online,372,0,https://insight-chile.cl/storage/2021/02/Track-PP-372-Febrero-S4.pdf
293,26-02-2021,25-02-2021,26-02-2021,Sebastián Piñera,TuInfluyes.com,DataInfluye,13.0,71.0,16.0,1637,,,,,online,Febrero 2021,0,https://web.archive.org/web/20210508154000/https://tuinfluyes.com/assets/estudios/ESTUDIO_TUINFLUYES_FEBRERO_2021.pdf
294,02-03-2021,26-02-2021,02-03-2021,Sebastián Piñera,Criteria,Agenda Criteria,14.0,77.0,9.0,1185,,,,,online,Febrero 2021,0,https://www.criteria.cl/descargas/Agenda_Criteria_Febrero_2021-k9t3h.pdf
295,04-03-2021,03-03-2021,04-03-2021,Sebastián Piñera,Cadem,Plaza Pública,20.0,70.0,10.0,705,,,,,online,373,0,https://insight-chile.cl/storage/2021/03/Track-PP-373-Marzo-S1.pdf
296,10-03-2021,09-03-2021,10-03-2021,Sebastián Piñera,Activa Research,Pulso Ciudadano,10.7,78.1,11.2,1235,,,,,online,Marzo 2021 Q1,0,https://chile.activasite.com/wp-content/uploads/2021/03/Pulso_Ciudadano_Marzo_Q1.pdf
297,11-03-2021,10-03-2021,11-03-2021,Sebastián Piñera,Cadem,Plaza Pública,20.0,67.0,13.0,704,,,,,online,374,0,https://insight-chile.cl/storage/2021/03/Track-PP-374-Marzo-S2-VF.pdf
298,18-03-2021,17-03-2021,18-03-2021,Sebastián Piñera,Cadem,Plaza Pública,20.0,71.0,9.0,705,,,,,online,375,0,https://insight-chile.cl/storage/2021/03/Track-PP-375-Marzo-S3_.pdf
299,25-03-2021,24-03-2021,25-03-2021,Sebastián Piñera,Cadem,Plaza Pública,19.0,70.0,11.0,705,,,,,online,376,0,https://insight-chile.cl/storage/2021/03/Track-PP-376-Marzo-S4.pdf
300,27-03-2021,26-03-2021,27-03-2021,Sebastián Piñera,TuInfluyes.com,DataInfluye,9.0,76.0,15.0,1890,,,,,online,Marzo 2021,0,https://web.archive.org/web/20211202122810/https://tuinfluyes.com/assets/estudios/ESTUDIO_TUINFLUYES_MARZO_2021.pdf
301,28-03-2021,26-03-2021,28-03-2021,Sebastián Piñera,Criteria,Agenda Criteria,13.0,80.0,7.0,1641,,,,,online,Marzo 2021,0,https://www.criteria.cl/descargas/Agenda_Criteria_Marzo_2021-p6d5n.pdf
302,29-03-2021,24-03-2021,29-03-2021,Sebastián Piñera,Activa Research,Pulso Ciudadano,12.2,77.2,10.7,1255,,,,,online,Marzo 2021 Q2,0,https://chile.activasite.com/wp-content/uploads/2021/03/Pulso_Ciudadano_MARZO_Q2.pdf
303,01-04-2021,30-03-2021,01-04-2021,Sebastián Piñera,Cadem,Plaza Pública,20.0,70.0,10.0,702,,,,,online,377,0,https://insight-chile.cl/storage/2021/04/Track-PP-377-Abril-S1.pdf
304,07-04-2021,07-04-2021,07-04-2021,Sebastián Piñera,Cadem,Plaza Pública,14.0,73.0,13.0,703,,,,,online,378,0,https://insight-chile.cl/storage/2021/04/Track-PP-378-Abril-S2.pdf
305,14-04-2021,13-04-2021,14-04-2021,Sebastián Piñera,Activa Research,Pulso Ciudadano,12.4,79.1,8.5,1054,,,,,online,Abril 2021 Q1,0,https://chile.activasite.com/wp-content/uploads/2021/04/Pulso_Ciudadano_Abril_Q1_web.pdf
306,15-04-2021,14-04-2021,15-04-2021,Sebastián Piñera,Cadem,Plaza Pública,16.0,73.0,11.0,707,,,,,online,379,0,http://web.archive.org/web/20210508193420/https://www.cadem.cl/wp-content/uploads/2021/04/Track-PP-379-Abril-S3.pdf
307,17-04-2021,,17-04-2021,Sebastián Piñera,CEP,Encuesta CEP,9.0,74.0,17.0,,,,,,presencial,Citado en CEP (17-04-2021),0,https://www.cepchile.cl/investigacion/encuesta-especial-cep-abril-2021/
308,21-04-2021,21-04-2021,21-04-2021,Sebastián Piñera,Cadem,Plaza Pública,9.0,82.0,9.0,701,,,,,online,380,0,https://insight-chile.cl/storage/2021/04/Track-PP-380-Abril-S4.pdf
309,23-04-2021,12-04-2021,23-04-2021,Sebastián Piñera,CEP,Encuesta CEP,9,74,2,1655,,,,,online,Citado en CEP (23-04-2021),0,https://web.archive.org/web/20210429155956/https://www.cepchile.cl/cep/site/docs/20210428/20210428172641/encuesta_especial_cep_abril2021.pdf
310,24-04-2021,22-04-2021,24-04-2021,Sebastián Piñera,TuInfluyes.com,DataInfluye,7.0,81.0,12.0,2014,,,,,online,Abril 2021,0,https://web.archive.org/web/20211202134841/https://tuinfluyes.com/assets/estudios/ESTUDIO_TUINFLUYES_ABRIL_2021.pdf
311,29-04-2021,28-04-2021,29-04-2021,Sebastián Piñera,Activa Research,Pulso Ciudadano,11.9,80.7,7.4,1184,,,,,online,Abril 2021 Q2,0,https://chile.activasite.com/wp-content/uploads/2021/05/Pulso_Ciudadano_ABRIL_Q2.pdf
312,29-04-2021,29-04-2021,29-04-2021,Sebastián Piñera,Cadem,Plaza Pública,11.0,79.0,10.0,702,,,,,online,381,0,https://insight-chile.cl/storage/2021/05/Track-PP-381-Abril-S5.pdf
313,03-05-2021,29-04-2021,03-05-2021,Sebastián Piñera,Criteria,Agenda Criteria,11.0,83.0,6.0,1592,,,,,online,Abril 2021,0,https://www.criteria.cl/descargas/Agenda_Criteria_Abril_2021-8gk2n.pdf
314,06-05-2021,05-05-2021,06-05-2021,Sebastián Piñera,Cadem,Plaza Pública,15.0,76.0,9.0,707,,,,,online,382,0,https://insight-chile.cl/storage/2021/05/Track-PP-382-Mayo-S1.pdf
315,13-05-2021,12-05-2021,13-05-2021,Sebastián Piñera,Cadem,Plaza Pública,16.0,76.0,8.0,711,,,,,online,383,0,https://insight-chile.cl/storage/2021/05/Track-PP-383-Mayo-S2-VF_Baja.pdf
316,17-05-2021,17-05-2021,17-05-2021,Sebastián Piñera,Activa Research,Pulso Ciudadano,9.8,79.1,11.1,1047,,,,,online,Mayo 2021 Q1,0,https://chile.activasite.com/wp-content/uploads/2021/05/Pulso_Ciudadano_Mayo_Q1-1.pdf
317,19-05-2021,19-05-2021,19-05-2021,Sebastián Piñera,Cadem,Plaza Pública,13.0,79.0,8.0,705,,,,,online,384,0,https://insight-chile.cl/storage/2021/05/Track-PP-384-Mayo-S3-VF.pdf
318,26-05-2021,25-05-2021,26-05-2021,Sebastián Piñera,Activa Research,Pulso Ciudadano,12.6,75.3,12.1,1522,,,,,online,Mayo 2021 Q2,0,https://chile.activasite.com/wp-content/uploads/2021/05/Pulso_Ciudadano_Mayo_Q2.pdf
319,26-05-2021,25-05-2021,26-05-2021,Sebastián Piñera,Feedback Research,Estudio Feedback,8.0,79.0,13.0,5457,,,,,online,Citado en aimchile.cl (26-05-2021),0,http://web.archive.org/web/20211105163823/https://www.aimchile.cl/wp-content/uploads/2021/06/Informe-Encuesta-Mayo-2021-Esp%C3%ADritu-Constituyente.pdf
320,27-05-2021,26-05-2021,27-05-2021,Sebastián Piñera,Cadem,Plaza Pública,17.0,73.0,10.0,708,,,,,online,385,0,https://insight-chile.cl/storage/2021/05/Track-PP-385-Mayo-S4.pdf
321,29-05-2021,28-05-2021,29-05-2021,Sebastián Piñera,TuInfluyes.com,DataInfluye,10.0,76.0,14.0,1365,,,,,online,Mayo 2021,0,https://web.archive.org/web/20211202122556/https://tuinfluyes.com/assets/estudios/ESTUDIO_TUINFLUYES_MAYO_2021.pdf
322,01-06-2021,28-05-2021,01-06-2021,Sebastián Piñera,Criteria,Agenda Criteria,14.0,78.0,8.0,1532,,,,,online,Mayo 2021,0,https://www.criteria.cl/descargas/Agenda_Criteria_Mayo_2021-7fn3h.pdf
323,02-06-2021,02-06-2021,02-06-2021,Sebastián Piñera,Cadem,Plaza Pública,18.0,72.0,10.0,702,,,,,online,386,0,http://web.archive.org/web/20210607214412/https://www.cadem.cl/wp-content/uploads/2021/06/Track-PP-386-Junio-S1.pdf
324,09-06-2021,08-06-2021,09-06-2021,Sebastián Piñera,Activa Research,Pulso Ciudadano,15.4,72.5,12.1,1226,,,,,online,Junio 2021 Q1,0,https://chile.activasite.com/wp-content/uploads/2021/06/Pulso_Ciudadano_Junio_Q1.pdf
325,10-06-2021,09-06-2021,10-06-2021,Sebastián Piñera,Cadem,Plaza Pública,20.0,71.0,9.0,703,,,,,online,387,0,https://insight-chile.cl/storage/2021/06/Track-PP-387-Junio-S2.pdf
326,16-06-2021,16-06-2021,16-06-2021,Sebastián Piñera,Cadem,Plaza Pública,18.0,71.0,11.0,703,,,,,online,388,0,https://insight-chile.cl/storage/2021/06/Track-PP-388-Junio.pdf
327,23-06-2021,23-06-2021,23-06-2021,Sebastián Piñera,Cadem,Plaza Pública,18.0,73.0,9.0,703,,,,,online,389,0,https://insight-chile.cl/storage/2021/06/Track-PP-389-Junio-S4.pdf
328,27-06-2021,25-06-2021,27-06-2021,Sebastián Piñera,Criteria,Agenda Criteria,12.0,81.0,7.0,1598,,,,,online,Junio 2021,0,https://www.criteria.cl/descargas/Agenda_Criteria_Junio_2021-9hb5k.pdf
329,27-06-2021,26-06-2021,27-06-2021,Sebastián Piñera,TuInfluyes.com,DataInfluye,9.0,75.0,16.0,1208,,,,,online,Junio 2021,0,http://web.archive.org/web/20220314052829/https://www.tuinfluyes.com/assets/estudios/ESTUDIO_TUINFLUYES_JUNIO_2021.pdf
330,29-06-2021,23-06-2021,29-06-2021,Sebastián Piñera,Activa Research,Pulso Ciudadano,19.4,68.7,11.8,1116,,,,,online,Junio 2021 Q2,0,https://chile.activasite.com/wp-content/uploads/2021/06/Pulso_Ciudadano_Junio_Q2.pdf
331,01-07-2021,30-06-2021,01-07-2021,Sebastián Piñera,Cadem,Plaza Pública,22.0,68.0,10.0,708,,,,,online,390,0,https://insight-chile.cl/storage/2021/07/Track-PP-390-Julio-S1.pdf
332,08-07-2021,07-07-2021,08-07-2021,Sebastián Piñera,Cadem,Plaza Pública,22.0,69.0,9.0,704,,,,,online,391,0,https://insight-chile.cl/storage/2021/07/Track-PP-391-Julio-S2.pdf
333,13-07-2021,08-07-2021,13-07-2021,Sebastián Piñera,Activa Research,Pulso Ciudadano,15.9,70.9,13.2,1002,,,,,online,Julio 2021 Q1,0,https://chile.activasite.com/wp-content/uploads/2021/07/Pulso_Ciudadano_Julio_Q1.pdf
334,14-07-2021,14-07-2021,14-07-2021,Sebastián Piñera,Cadem,Plaza Pública,21.0,72.0,7.0,703,,,,,online,392,0,https://insight-chile.cl/storage/2021/07/Track-PP-392-Julio-S3-VF_Baja.pdf
335,22-07-2021,21-07-2021,22-07-2021,Sebastián Piñera,Cadem,Plaza Pública,20.0,76.0,4.0,700,,,,,online,393,0,https://insight-chile.cl/storage/2021/07/Track-PP-393-Julio-S4.pdf
336,29-07-2021,27-07-2021,29-07-2021,Sebastián Piñera,Activa Research,Pulso Ciudadano,14.8,69.8,15.4,1317,,,,,online,Julio 2021 Q2,0,https://chile.activasite.com/wp-content/uploads/2021/08/Pulso_Ciudadano_Informe_Julio_Q2.pdf
337,29-07-2021,28-07-2021,29-07-2021,Sebastián Piñera,Cadem,Plaza Pública,26.0,67.0,7.0,703,,,,,online,394,0,https://insight-chile.cl/storage/2021/08/Track-PP-394-Julio-S5.pdf
338,29-07-2021,28-07-2021,29-07-2021,Sebastián Piñera,Feedback Research,Estudio Feedback,11.0,72.0,17.0,4066,,,,,online,Citado en aimchile.cl (29-07-2021),0,https://web.archive.org/web/20210808213548/https://www.aimchile.cl/wp-content/uploads/2021/08/Informe_Encuesta_Julio_2021_Esp%C3%ADritu_Constituyente_VF.pdf
339,02-08-2021,30-07-2021,02-08-2021,Sebastián Piñera,TuInfluyes.com,DataInfluye,12.0,72.0,16.0,1411,,,,,online,Julio 2021,0,https://web.archive.org/web/20210919050440/https://tuinfluyes.com/assets/estudios/ESTUDIO_TUINFLUYES_JULIO_2021.pdf
340,03-08-2021,28-07-2021,03-08-2021,Sebastián Piñera,Criteria,Agenda Criteria,15.0,75.0,10.0,1026,,,,,online,Julio 2021,0,https://www.criteria.cl/descargas/Agenda_Criteria_Julio_2021-5vN7g.pdf
341,05-08-2021,04-08-2021,05-08-2021,Sebastián Piñera,Cadem,Plaza Pública,24.0,68.0,8.0,702,,,,,online,395,0,https://insight-chile.cl/storage/2021/08/Track-PP-395-Agosto-S1.pdf
342,11-08-2021,09-08-2021,11-08-2021,Sebastián Piñera,Activa Research,Pulso Ciudadano,18.9,64.7,16.4,1410,,,,,online,Agosto 2021 Q1,0,https://chile.activasite.com/wp-content/uploads/2021/08/Pulso_Ciudadano_Informe_Agosto_Q1.pdf
343,12-08-2021,11-08-2021,12-08-2021,Sebastián Piñera,Cadem,Plaza Pública,27.0,64.0,9.0,704,,,,,online,396,0,https://insight-chile.cl/storage/2021/08/Track-PP-396-Agosto-S2.pdf
344,19-08-2021,18-08-2021,19-08-2021,Sebastián Piñera,Cadem,Plaza Pública,26.0,68.0,6.0,704,,,,,online,397,0,https://insight-chile.cl/storage/2021/08/Track-PP-397-Agosto-S3.pdf
345,25-08-2021,24-08-2021,25-08-2021,Sebastián Piñera,Activa Research,Pulso Ciudadano,19.5,61.7,18.8,1559,,,,,online,Agosto 2021 Q2,0,https://chile.activasite.com/wp-content/uploads/2021/08/Pulso_Ciudadano_AGOSTO_Q2_informe.pdf
346,26-08-2021,25-08-2021,26-08-2021,Sebastián Piñera,Cadem,Plaza Pública,26.0,66.0,8.0,704,,,,,online,398,0,http://web.archive.org/web/20210830135509/https://www.cadem.cl/wp-content/uploads/2021/08/Track-PP-398-Agosto-S4-VF_Baja.pdf
347,29-08-2021,27-08-2021,29-08-2021,Sebastián Piñera,Criteria,Agenda Criteria,16.0,73.0,11.0,1551,,,,,online,Agosto 2021,0,https://www.criteria.cl/descargas/Agenda_Criteria_Agosto_2021-9bT8h.pdf
348,01-09-2021,25-08-2021,01-09-2021,Sebastián Piñera,CEP,Encuesta CEP,16.0,68.0,16.0,1443,,,,,presencial,Citado en CEP (01-09-2021),0,https://web.archive.org/web/20210915152218/https://www.cepchile.cl/cep/site/docs/20210915/20210915081102/encuestacep_sep2021.pdf
349,02-09-2021,01-09-2021,02-09-2021,Sebastián Piñera,Cadem,Plaza Pública,25.0,68.0,7.0,702,,,,,online,399,0,https://insight-chile.cl/storage/2021/09/Track-PP-399-Septiembre.pdf
350,04-09-2021,03-09-2021,04-09-2021,Sebastián Piñera,TuInfluyes.com,DataInfluye,13.0,69.0,18.0,1619,,,,,online,Agosto 2021,0,https://web.archive.org/web/20211103104355/https://tuinfluyes.com/assets/estudios/ESTUDIO_TUINFLUYES_AGOSTO_2021.pdf
351,09-09-2021,08-09-2021,09-09-2021,Sebastián Piñera,Cadem,Plaza Pública,22.0,68.0,10.0,705,,,,,online,400,0,https://insight-chile.cl/storage/2021/09/Plaza-Publica-400-Confianza-en-la-Convencion-Constituyente-cae-a-43-6pts-su-nivel-mas-bajo-desde-que-comenzara-su-funcionamiento.pdf
352,13-09-2021,07-09-2021,13-09-2021,Sebastián Piñera,Activa Research,Pulso Ciudadano,14.6,69.7,15.7,1531,,,,,online,Septiembre 2021 Q1,0,https://chile.activasite.com/wp-content/uploads/2021/09/Pulso_Ciudadano__SEPTIEMBRE_Q1_0915_V1_Informe.pdf
353,15-09-2021,14-09-2021,15-09-2021,Sebastián Piñera,Cadem,Plaza Pública,26.0,68.0,6.0,709,,,,,online,401,0,https://insight-chile.cl/storage/2021/09/Plaza-Publica-401-Gabriel-Boric-25-3pts-toma-distancia-en-la-carrera-presidencial-y-le-saca-8-puntos-a-Sebastian-Sichel-17-2pts.pdf
354,15-09-2021,15-09-2021,15-09-2021,Sebastián Piñera,Feedback Research,Estudio Feedback,13.0,66.0,21.0,3196,,,,,online,Citado en static1.squarespace.com (15-09-2021),0,https://static1.squarespace.com/static/60aa93aeb7e9621e2f425a6f/t/6149e93740c1c1764ed6345c/1632233787102/Informe+Encuesta+Septiembre+2021+Esp%C3%ADritu+Constituyente.pdf
355,23-09-2021,23-09-2021,23-09-2021,Sebastián Piñera,Cadem,Plaza Pública,26.0,67.0,7.0,703,,,,,online,402,0,https://insight-chile.cl/storage/2021/09/Plaza-Publica-402-Kast-se-alza-como-ganador-del-debate-y-alcanza-el-13-en-intencion-de-voto-quedando-a-solo-4-puntos-de-Sichel-17.pdf
356,01-10-2021,27-09-2021,01-10-2021,Sebastián Piñera,Activa Research,Pulso Ciudadano,16.5,69.2,14.3,1601,,,,,online,Septiembre 2021 Q2,0,https://chile.activasite.com/wp-content/uploads/2021/10/Pulso_Ciudadano_SEPTIEMBRE_Q2_Informe.pdf
357,01-10-2021,29-09-2021,01-10-2021,Sebastián Piñera,Cadem,Plaza Pública,22.0,71.0,7.0,705,,,,,online,403,0,https://insight-chile.cl/storage/2021/10/Track-PP-403-Octubre-S1.pdf
358,02-10-2021,01-10-2021,02-10-2021,Sebastián Piñera,TuInfluyes.com,DataInfluye,13.0,69.0,18.0,1446,,,,,online,Septiembre 2021,0,https://web.archive.org/web/20211103040010/https://tuinfluyes.com/assets/estudios/ESTUDIO_TUINFLUYES_SEPTIEMBRE_2021.pdf
359,03-10-2021,01-10-2021,03-10-2021,Sebastián Piñera,Criteria,Agenda Criteria,16.0,73.0,11.0,1485,,,,,online,Septiembre 2021,0,https://www.criteria.cl/descargas/Agenda_Criteria_Septiembre_2021-4cR9p.pdf
360,07-10-2021,06-10-2021,07-10-2021,Sebastián Piñera,Cadem,Plaza Pública,15.0,79.0,6.0,704,,,,,online,404,0,https://insight-chile.cl/storage/2021/10/Track-PP-404-Octubre-S2-VF.pdf
361,13-10-2021,12-10-2021,13-10-2021,Sebastián Piñera,Activa Research,Pulso Ciudadano,12.5,73.8,13.7,1632,,,,,online,Octubre 2021 Q1,0,https://chile.activasite.com/wp-content/uploads/2021/10/Pulso_Ciudadano_OCTUBRE_Q1_Informe.pdf
362,13-10-2021,13-10-2021,13-10-2021,Sebastián Piñera,Cadem,Plaza Pública,16.0,79.0,5.0,706,,,,,online,405,0,https://insight-chile.cl/storage/2021/10/Track-PP-405-Octubre-S3-VF.pdf
363,21-10-2021,20-10-2021,21-10-2021,Sebastián Piñera,Cadem,Plaza Pública,18.0,76.0,6.0,1007,,,,,online,406,0,https://insight-chile.cl/storage/2021/10/Track-PP-406-Octubre-S4-VF.pdf
364,27-10-2021,25-10-2021,27-10-2021,Sebastián Piñera,Activa Research,Pulso Ciudadano,15.3,73.3,11.4,2027,,,,,online,Octubre 2021 Q2,0,https://chile.activasite.com/wp-content/uploads/2021/11/Pulso_Ciudadano_OCTUBRE_Q2_Informe.pdf
365,28-10-2021,27-10-2021,28-10-2021,Sebastián Piñera,Cadem,Plaza Pública,17.0,79.0,4.0,1005,,,,,online,407,0,https://insight-chile.cl/storage/2021/10/Plaza-Publica-407-A-tres-semanas-de-la-eleccion-presidencial-cinco-puntos-separan-a-Kast-24-de-Boric-19.pdf
366,30-10-2021,29-10-2021,30-10-2021,Sebastián Piñera,TuInfluyes.com,DataInfluye,11.0,75.0,14.0,1743,,,,,online,Octubre 2021,0,https://web.archive.org/web/20211204015923/https://tuinfluyes.com/assets/estudios/ESTUDIO_TUINFLUYES_OCTUBRE_2021.pdf
367,02-11-2021,29-10-2021,02-11-2021,Sebastián Piñera,Criteria,Agenda Criteria,10.0,79.0,11.0,1523,,,,,online,Octubre 2021,0,https://www.criteria.cl/descargas/Agenda_Criteria_Octubre_2021-5g23f.pdf
368,03-11-2021,02-11-2021,03-11-2021,Sebastián Piñera,Cadem,Plaza Pública,16.0,80.0,4.0,1010,,,,,online,408,0,https://insight-chile.cl/storage/2021/11/Track-PP-408-Noviembre-S1-VF.pdf
369,10-11-2021,09-11-2021,10-11-2021,Sebastián Piñera,Activa Research,Pulso Ciudadano,14.4,75.8,9.8,1602,,,,,online,Noviembre 2021 Q1,0,https://chile.activasite.com/wp-content/uploads/2021/11/Pulso_Ciudadano_NOVIEMBRE_Q1_Informe.pdf
370,11-11-2021,10-11-2021,11-11-2021,Sebastián Piñera,Cadem,Plaza Pública,16.0,78.0,6.0,1000,,,,,online,409,0,https://insight-chile.cl/storage/2021/11/Plaza-Publica-Cadem-409-correspondiente-a-la-segunda-semana-de-noviembre.pdf
371,17-11-2021,16-11-2021,17-11-2021,Sebastián Piñera,Cadem,Plaza Pública,18.0,78.0,4.0,1312,,,,,online,410,0,https://insight-chile.cl/storage/2021/11/Plaza-Publica-410-Segunda-vuelta-comienza-en-empate-estadistico-Kast-39-Boric-39.-22-no-sabe-o-no-responde.pdf
372,24-11-2021,23-11-2021,24-11-2021,Sebastián Piñera,Activa Research,Pulso Ciudadano,16.5,71.0,12.5,1518,,,,,online,Noviembre 2021 Q2,0,https://chile.activasite.com/wp-content/uploads/2021/11/Pulso_Ciudadano_NOVIEMBRE_Q2_Informe.pdf
373,25-11-2021,24-11-2021,25-11-2021,Sebastián Piñera,Cadem,Plaza Pública,21.0,71.0,8.0,1000,,,,,online,411,0,https://insight-chile.cl/storage/2021/11/Plaza-Publica-411-Boric-39-comienza-la-segunda-vuelta-con-6-puntos-de-ventaja-sobre-Jose-Antonio-Kast-33.-El-28-no-sabe-no-responde-o-no-votaria..pdf
374,27-11-2021,25-11-2021,27-11-2021,Sebastián Piñera,Criteria,Agenda Criteria,18.0,72.0,10.0,1620,,,,,online,Noviembre 2021,0,https://www.criteria.cl/descargas/Agenda_Criteria_Noviembre_2021-7d84g.pdf
375,27-11-2021,26-11-2021,27-11-2021,Sebastián Piñera,TuInfluyes.com,DataInfluye,12.0,71.0,17.0,1790,,,,,online,Noviembre 2021,0,https://web.archive.org/web/20211202135233/https://tuinfluyes.com/assets/estudios/ESTUDIO_TUINFLUYES_NOVIEMBRE_2021.pdf
376,01-12-2021,01-12-2021,01-12-2021,Sebastián Piñera,Feedback Research,Estudio Feedback,14.0,65.0,21.0,5524,,,,,online,Citado en static1.squarespace.com (01-12-2021),0,https://static1.squarespace.com/static/60aa93aeb7e9621e2f425a6f/t/61aaa3a9b6131934725a9524/1638572971282/Informe+Encuesta+Online+Feedback+Diciembre+2021.pdf
377,02-12-2021,30-11-2021,02-12-2021,Sebastián Piñera,Cadem,Plaza Pública,22.0,72.0,6.0,1005,,,,,online,412,0,https://insight-chile.cl/storage/2021/12/Track-PP-412-Diciembre-S1-VF.pdf
378,09-12-2021,09-12-2021,09-12-2021,Sebastián Piñera,Cadem,Plaza Pública,22.0,71.0,7.0,1000,,,,,online,413,0,https://insight-chile.cl/storage/2021/12/Plaza-Publica-413-73-considera-que-el-proyecto-de-Pension-Garantizada-Universal-debiese-ser-discutido-y-aprobado-ahora.-22-cree-que-debiese-ocurrir-en-el-proximo.pdf
379,15-12-2021,15-12-2021,15-12-2021,Sebastián Piñera,Cadem,Plaza Pública,27.0,64.0,9.0,1007,,,,,online,414,0,https://insight-chile.cl/storage/2021/12/Plaza-Publica-414-Encuesta-Cadem-anticipa-correctamente-resultados-de-segunda-vuelta-al-proyectar-55-para-Gabriel-Boric-y-45-para-Jose-Antonio-Kast.pdf
380,21-12-2021,21-12-2021,21-12-2021,Sebastián Piñera,Cadem,Plaza Pública,27.0,69.0,4.0,710,,,,,online,415,0,https://insight-chile.cl/storage/2021/12/Plaza-Publica-415-55-cree-que-a-Chile-le-ira-muy-bienbien-con-el-nuevo-gobierno-de-Gabriel-Boric.pdf
381,28-12-2021,27-12-2021,28-12-2021,Sebastián Piñera,Activa Research,Pulso Ciudadano,21.8,65.0,13.2,1090,,,,,online,Diciembre 2021 Q2,0,https://chile.activasite.com/wp-content/uploads/2022/01/Pulso_Ciudadano_DICIEMBRE_Q2_Informe.pdf
382,29-12-2021,28-12-2021,29-12-2021,Sebastián Piñera,Cadem,Plaza Pública,29.0,66.0,5.0,705,,,,,online,416,0,https://insight-chile.cl/storage/2022/01/Plaza-Publica-416-63-tiene-una-imagen-positiva-o-muy-positiva-del-presidente-electo-Gabriel-Boric-su-mejor-evaluacion-historica-1.pdf
383,30-12-2021,30-12-2021,30-12-2021,Sebastián Piñera,Criteria,Agenda Criteria,22.0,64.0,14.0,807,,,,,online,Diciembre 2021,0,https://www.criteria.cl/descargas/Agenda_Criteria_Diciembre_2021-3d58n.pdf
384,30-12-2021,30-12-2021,30-12-2021,Sebastián Piñera,TuInfluyes.com,DataInfluye,14.0,67.0,19.0,1481,,,,,online,Citado en tuinfluyes.com (30-12-2021),0,https://www.tuinfluyes.com/paneles/e/diciembre-2021?
385,06-01-2022,05-01-2022,06-01-2022,Sebastián Piñera,Cadem,Plaza Pública,28.0,63.0,9.0,706,,,,,online,417,0,https://insight-chile.cl/storage/2022/01/Plaza-Publica-417-60-esta-optimista-sobre-la-situacion-economica-del-pais-para-este-2022..pdf
386,13-01-2022,12-01-2022,13-01-2022,Sebastián Piñera,Cadem,Plaza Pública,26.0,67.0,7.0,704,,,,,online,418,0,http://web.archive.org/web/20220523012023/https://cadem.cl/wp-content/uploads/2022/01/Track-PP-418-Enero-S2-VF.pdf
387,20-01-2022,19-01-2022,20-01-2022,Sebastián Piñera,Cadem,Plaza Pública,29.0,64.0,7.0,704,,,,,online,419,0,https://insight-chile.cl/storage/2022/01/Plaza-Publica-419-Sistema-politico-76-prefiere-que-el-poder-politico-este-mas-compartido-entre-el-Presidente-y-el-Parlamento..pdf
388,26-01-2022,25-01-2022,26-01-2022,Sebastián Piñera,Activa Research,Pulso Ciudadano,19.9,64.7,15.4,1280,,,,,online,Enero 2022 Q2,0,https://chile.activasite.com/wp-content/uploads/2022/01/Pulso_Ciudadano_Enero_Q2_Informe.pdf
389,27-01-2022,26-01-2022,27-01-2022,Sebastián Piñera,Cadem,Plaza Pública,25.0,69.0,6.0,707,,,,,online,420,0,https://insight-chile.cl/storage/2022/01/Plaza-Publica-420-59-evalua-positivamente-al-Gabinete-del-Presidente-Boric-7pts-mas-que-Pinera-2018-y-30pts-mas-que-Bachelet-2014.pdf
390,29-01-2022,28-01-2022,29-01-2022,Sebastián Piñera,TuInfluyes.com,DataInfluye,14.0,67.0,19.0,1366,,,,,online,Citado en tuinfluyes.com (29-01-2022),0,https://www.tuinfluyes.com/paneles/e/enero-2022?
391,01-02-2022,28-01-2022,01-02-2022,Sebastián Piñera,Criteria,Agenda Criteria,19.0,70.0,11.0,868,,,,,online,Enero 2022,0,https://www.criteria.cl/descargas/Agenda_Criteria_Enero_2022-8g42v.pdf
392,02-02-2022,02-02-2022,02-02-2022,Sebastián Piñera,Cadem,Plaza Pública,25.0,67.0,8.0,707,,,,,online,421,0,https://insight-chile.cl/storage/2022/02/Plaza-Publica-421-Delincuencia-se-instala-como-la-principal-prioridad-para-el-gobierno-de-Boric-52-8pts-mas-que-en-diciembre.pdf
393,10-02-2022,09-02-2022,10-02-2022,Sebastián Piñera,Cadem,Plaza Pública,25.0,69.0,6.0,706,,,,,online,422,0,https://insight-chile.cl/storage/2022/02/Plaza-Publica-422-Confianza-en-la-Convencion-Constituyente-baja-a-50-9pts-e-intencion-de-aprobar-la-nueva-Constitucion-cae-de-56-a-47.pdf
394,16-02-2022,16-02-2022,16-02-2022,Sebastián Piñera,Cadem,Plaza Pública,21.0,72.0,7.0,708,,,,,online,Citado en insight-chile.cl (16-02-2022),0,https://insight-chile.cl/storage/2022/02/Plaza-Publica-Aprobacion-del-Presidente-Pinera-cae-a-21-4pts-a-tres-semanas-del-termino-de-su-mandato.pdf
395,22-02-2022,21-02-2022,22-02-2022,Sebastián Piñera,Activa Research,Pulso Ciudadano,15.8,68.7,15.5,1063,,,,,online,Febrero 2022 Q2,0,https://chile.activasite.com/wp-content/uploads/2022/02/Pulso_Ciudadano_Febrero_Q2_Informe.pdf
396,24-02-2022,23-02-2022,24-02-2022,Sebastián Piñera,Cadem,Plaza Pública,23.0,70.0,7.0,712,,,,,online,424,0,https://insight-chile.cl/storage/2022/02/Plaza-Publica-424-Solo-27-declara-estar-muy-o-bastante-informado-sobre-lo-que-se-discute-en-la-Convencion-Constitucional.pdf
397,26-02-2022,25-02-2022,26-02-2022,Sebastián Piñera,Criteria,Agenda Criteria,17.0,71.0,12.0,872,,,,,online,Febrero 2022,0,https://www.criteria.cl/descargas/Agenda_Criteria_Febrero_2022-q4p5N.pdf
398,03-03-2022,02-03-2022,03-03-2022,Sebastián Piñera,Cadem,Plaza Pública,24.0,71.0,5.0,713,,,,,online,425,0,http://web.archive.org/web/20231218002721/https://cadem.cl/wp-content/uploads/2022/03/Track-PP-425-Marzo-S1-VF.pdf
399,04-03-2022,03-03-2022,04-03-2022,Sebastián Piñera,TuInfluyes.com,DataInfluye,15.0,64.0,21.0,1466,,,,,online,Citado en tuinfluyes.com (04-03-2022),0,https://www.tuinfluyes.com/paneles/e/febrero-2022?
400,18-03-2022,16-03-2022,18-03-2022,Gabriel Boric,Cadem,Plaza Pública,50,20,30,702,,,,,online,427,0,https://insight-chile.cl/storage/2022/03/Track-PP-427-Marzo-S3-VF.pdf
401,18-03-2022,16-03-2022,18-03-2022,Gabriel Boric,Feedback Research,Estudio Feedback,40,28,32,1804,,,,,online,Citado en Ex-Ante (18-03-2022),0,https://www.ex-ante.cl/politica/confidencial-encuesta-feedback-da-ventaja-del-rechazo-sobre-el-apruebo-por-3-puntos-lea-documento-completo/
402,19-03-2022,18-03-2022,19-03-2022,Gabriel Boric,Activa Research,Pulso Ciudadano,46.5,26.1,27.4,1004,,,,,online,Marzo 2022 Q1,0,https://chile.activasite.com/wp-content/uploads/2022/03/Pulso_Ciudadano_Marzo_Q1_Informe.pdf
403,25-03-2022,23-03-2022,25-03-2022,Gabriel Boric,Cadem,Plaza Pública,50,30,20,704,,,,,online,428,0,http://web.archive.org/web/20240826004759/https://cadem.cl/wp-content/uploads/2022/03/Plaza-Publica-428Aprobacion-del-Presidente-Boric-se-mantiene-estable-en-50-pero-su-desaprobacion-aumenta-10-puntos-a-30.pdf
404,01-04-2022,28-03-2022,01-04-2022,Gabriel Boric,Activa Research,Pulso Ciudadano,34,41,25,1521,,,,,online,Marzo 2022 Q2,0,https://chile.activasite.com/wp-content/uploads/2022/04/Pulso_Ciudadano_Marzo_Q2_Informe.pdf
405,01-04-2022,30-03-2022,01-04-2022,Gabriel Boric,Cadem,Plaza Pública,45,35,20,707,,,,,online,429,0,https://insight-chile.cl/storage/2022/04/Track-PP-429-Marzo-S5-VF.pdf
406,03-04-2022,01-04-2022,03-04-2022,Gabriel Boric,TuInfluyes.com,DataInfluye,38,36,26,1671,,,,,online,Citado en tuinfluyes.com (03-04-2022),0,https://www.tuinfluyes.com/paneles/e/marzo-2022?
407,04-04-2022,31-03-2022,04-04-2022,Gabriel Boric,Criteria,Agenda Criteria,42,34,24,813,,,,,online,Marzo 2022,0,https://www.criteria.cl/descargas/Agenda_Criteria_Marzo_2022-eb43t.pdf
408,07-04-2022,06-04-2022,07-04-2022,Gabriel Boric,Cadem,Plaza Pública,44,41,15,707,,,,,online,430,0,https://insight-chile.cl/storage/2022/04/Plaza-Publica-430-Se-mantiene-diferencia-en-favor-del-rechazo-44-2pts-en-el-plebiscito-de-salida-vs-39-1pt-que-votaria-apruebo.pdf
409,14-04-2022,11-04-2022,14-04-2022,Gabriel Boric,Activa Research,Pulso Ciudadano,27.8,51,21.2,1326,,,,,online,Abril 2022 Q1,0,https://chile.activasite.com/wp-content/uploads/2022/04/pulso_abril_2022_q1.pdf
410,14-04-2022,12-04-2022,14-04-2022,Gabriel Boric,Cadem,Plaza Pública,40,50,10,702,,,,,online,431,0,https://insight-chile.cl/storage/2022/04/Plaza-Publica-431-Desaprobacion-50-9pts-al-Presidente-Boric-supera-por-primera-vez-a-la-aprobacion-40-4pts-y-completa-un-alza-de-30pts-en-5-semanas.pdf
411,22-04-2022,20-04-2022,22-04-2022,Gabriel Boric,Cadem,Plaza Pública,36,53,11,704,,,,,online,432,0,https://insight-chile.cl/storage/2022/04/Track-PP-432-Abril-S3-VF.pdf
412,29-04-2022,25-04-2022,29-04-2022,Gabriel Boric,Activa Research,Pulso Ciudadano,24.2,57.8,18.0,1043,,,,,online,Abril 2022 Q2,0,https://chile.activasite.com/wp-content/uploads/2022/05/pulso_abril_2022_q2.pdf
413,29-04-2022,27-04-2022,29-04-2022,Gabriel Boric,Cadem,Plaza Pública,35,53,12,703,,,,,online,433,0,https://insight-chile.cl/storage/2022/05/Plaza-Publica-433-Aprobacion-de-la-ministra-del-interior-Izkia-Siches-cae-a-33-12pts-y-su-desaprobacion-llega-a-63-13pts.pdf
414,02-05-2022,28-04-2022,02-05-2022,Gabriel Boric,Criteria,Agenda Criteria,33,52,15,1640,,,,,online,Abril 2022,0,https://www.criteria.cl/descargas/Agenda_Criteria_Abril_2022-6d59h.pdf
415,02-05-2022,29-04-2022,02-05-2022,Gabriel Boric,TuInfluyes.com,DataInfluye,32,50,18,1651,,,,,online,Citado en tuinfluyes.com (02-05-2022),0,https://www.tuinfluyes.com/paneles/e/abril-2022?
416,06-05-2022,04-05-2022,06-05-2022,Gabriel Boric,Cadem,Plaza Pública,38,53,9,705,,,,,online,434,0,http://web.archive.org/web/20230605022535/https://cadem.cl/wp-content/uploads/2022/05/Plaza-Publica-434-13-puntos-separan-esta-semana-al-Rechazo-48-del-Apruebo-35-en-el-plebiscito-de-salida.pdf
417,13-05-2022,10-05-2022,13-05-2022,Gabriel Boric,Activa Research,Pulso Ciudadano,19.4,63.2,17.4,1016,,,,,online,Mayo 2022 Q1,0,https://chile.activasite.com/wp-content/uploads/2022/05/Pulso-Ciudadano_MAYO_Q1_0515_v3.pdf
418,13-05-2022,11-05-2022,13-05-2022,Gabriel Boric,Cadem,Plaza Pública,39,50,11,706,,,,,online,435,0,https://insight-chile.cl/storage/2022/05/Plaza-Publica-435-Despues-de-6-semanas-mejoran-expectativas-del-Apruebo-38-3pts-en-el-plebiscito-de-salida-sigue-con-diferencia-por-debajo-del-Rechazo.pdf
419,20-05-2022,18-05-2022,20-05-2022,Gabriel Boric,Cadem,Plaza Pública,38,50,12,708,,,,,online,436,0,https://insight-chile.cl/storage/2022/05/Plaza-Publica-436-Evelyn-Matthei-es-el-personaje-politico-mejor-evaluado-61-y-Daniel-Juade-el-con-mas-baja-aprobacion-23.pdf
420,27-05-2022,23-05-2022,27-05-2022,Gabriel Boric,Activa Research,Pulso Ciudadano,27.3,56.8,15.9,1015,,,,,online,Mayo 2022 Q2,0,https://chile.activasite.com/wp-content/uploads/2022/05/220868_Pulso_Ciudadano_MAYO_Q2_0529_V2.pdf
421,27-05-2022,25-05-2022,27-05-2022,Gabriel Boric,Cadem,Plaza Pública,36,57,7,704,,,,,online,437,0,https://insight-chile.cl/storage/2022/05/Plaza-Publica-437-Desaprobacion-al-Presidente-Boric-sube-a-57-7pts-su-nivel-mas-alto-desde-que-asumiera-el-11-de-marzo.pdf
422,29-05-2022,13-04-2022,29-05-2022,Gabriel Boric,CEP,Encuesta CEP,32,49,19,1355,,,,,presencial,Citado en CEP (29-05-2022),0,https://web.archive.org/web/20220628182040/https://www.cepchile.cl/cep/site/docs/20220608/20220608124401/encuestacep_abril_mayo2022.pdf
423,29-05-2022,27-05-2022,29-05-2022,Gabriel Boric,TuInfluyes.com,DataInfluye,35,49,16,1451,,,,,online,Citado en tuinfluyes.com (29-05-2022),0,https://www.tuinfluyes.com/paneles/e/mayo-2022
424,31-05-2022,29-05-2022,31-05-2022,Gabriel Boric,Criteria,Agenda Criteria,32,49,19,1059,,,,,online,Mayo 2022,0,https://www.criteria.cl/descargas/Agenda_Criteria_Mayo_2022-5e7vF.pdf
425,03-06-2022,02-06-2022,03-06-2022,Gabriel Boric,Cadem,Plaza Pública,44,47,9,702,,,,,online,438,0,https://insight-chile.cl/storage/2022/06/Plaza-Publica-438-Aprobacion-al-Presidente-Boric-aumenta-a-44-8pts-y-opcion-apruebo-en-el-plebiscito-de-salida-llega-a-42-5pts-quedando-a-solo-3pts-del-rechazo-45.pdf
426,10-06-2022,06-06-2022,10-06-2022,Gabriel Boric,Activa Research,Pulso Ciudadano,32.8,50.3,16.9,1247,,,,,online,Junio 2022 Q1,0,https://chile.activasite.com/wp-content/uploads/2022/06/221377_Pulso-Ciudadano_Junio_Q1_0612_V2.pdf
427,10-06-2022,08-06-2022,10-06-2022,Gabriel Boric,Cadem,Plaza Pública,44,48,8,702,,,,,online,439,0,http://web.archive.org/web/20241221142333/https://cadem.cl/wp-content/uploads/2022/06/Plaza-Publica-439-Cae-el-apruebo-39-3pts-y-el-rechazo-43-2pts-de-cara-al-plebiscito-aumentan-los-indecisos-18-5pts.pdf
428,17-06-2022,15-06-2022,17-06-2022,Gabriel Boric,Cadem,Plaza Pública,40,54,6,703,,,,,online,440,0,https://insight-chile.cl/storage/2022/06/Plaza-Publica-440-9pts-separan-esta-semana-al-Apruebo-37-2pts-del-Rechazo-46-3pts.-17-se-mantiene-indeciso.pdf
429,24-06-2022,20-06-2022,24-06-2022,Gabriel Boric,Activa Research,Pulso Ciudadano,24.3,56.4,19.3,1005,,,,,online,Junio 2022 Q2,0,https://chile.activasite.com/wp-content/uploads/2022/06/220869_Pulso_Ciudadano_JUNIO_Q2__0626_V1.pdf
430,24-06-2022,22-06-2022,24-06-2022,Gabriel Boric,Cadem,Plaza Pública,34,59,7,702,,,,,online,441,0,https://insight-chile.cl/storage/2022/06/Plaza-Publica-441-Aprobacion-del-Presidente-Boric-cae-a-34-su-nivel-mas-bajo-y-el-Rechazo-a-la-nueva-Constitucion-sube-a-51-18pts-por-sobre-la-opcion-Apruebo-33.pdf
431,24-06-2022,09-06-2022,24-06-2022,Gabriel Boric,MORI-Fiel,MORI-Fiel,34,46,20,1000,,,,,telefónica,Citado en fielchile.cl (24-06-2022),0,https://fielchile.cl/v2/wp-content/uploads/2022/06/INFORME-DE-PRENSA-version-final.pdf
432,01-07-2022,29-06-2022,01-07-2022,Gabriel Boric,Cadem,Plaza Pública,33,62,5,707,,,,,online,442,0,https://insight-chile.cl/storage/2022/07/Plaza-Publica-442-Desaprobacion-del-Presidente-Boric-continua-al-alza-y-llega-a-62-15pts-en-un-mes.-33-aprueba..pdf
433,04-07-2022,30-06-2022,04-07-2022,Gabriel Boric,Criteria,Agenda Criteria,34,50,16,1018,,,,,online,Junio 2022,0,https://www.criteria.cl/descargas/Agenda_Criteria_Junio_2022-6y4fN.pdf
434,04-07-2022,01-07-2022,04-07-2022,Gabriel Boric,TuInfluyes.com,DataInfluye,35,50,15,1555,,,,,online,Citado en tuinfluyes.com (04-07-2022),0,https://www.tuinfluyes.com/paneles/e/junio-2022?
435,06-07-2022,04-07-2022,06-07-2022,Gabriel Boric,Feedback Research,Estudio Feedback,35,55,10,2842,,,,,online,Citado en Ex-Ante (06-07-2022),0,https://www.ex-ante.cl/politica/feedback-rechazo-supera-por-18-puntos-al-apruebo-en-medio-de-fuerte-pesimismo-economico-lea-encuesta-completa/
436,08-07-2022,05-07-2022,08-07-2022,Gabriel Boric,Activa Research,Pulso Ciudadano,26.9,60.3,12.8,1205,,,,,online,Julio 2022 Q1,0,https://chile.activasite.com/wp-content/uploads/2022/07/220870_Pulso_Ciudadano_-JULIO_Q1_-0710_V1.pdf
437,08-07-2022,06-07-2022,08-07-2022,Gabriel Boric,Cadem,Plaza Pública,36,58,6,708,,,,,online,443,0,https://insight-chile.cl/storage/2022/07/Plaza-Publica-443-Rechazo-a-la-nueva-Constitucion-sube-a-53-2pts-18pts-por-sobre-la-opcion-Apruebo-35-1pt.-Los-indecisos-caen-a-12-3pts.pdf
438,15-07-2022,13-07-2022,15-07-2022,Gabriel Boric,Cadem,Plaza Pública,38,58,4,702,,,,,online,444,0,https://insight-chile.cl/storage/2022/07/Plaza-Publica-444-Tras-anuncio-de-bono-invierno-opcion-Apruebo-en-el-plebiscito-sube-a-37-2pts-mientas-que-el-52-1pt-Rechaza.-11-se-mantiene-indeciso..pdf
439,22-07-2022,19-07-2022,22-07-2022,Gabriel Boric,Activa Research,Pulso Ciudadano,29.5,57.7,12.8,1241,,,,,online,Julio 2022 Q2,0,https://chile.activasite.com/wp-content/uploads/2022/07/221551_Pulso_Ciudadano_-JULIO_Q2_-0724_V1.pdf
440,22-07-2022,20-07-2022,22-07-2022,Gabriel Boric,Cadem,Plaza Pública,40,55,5,701,,,,,online,445,0,https://insight-chile.cl/storage/2022/07/Plaza-Publica-445-Rechazo-cae-a-47-5pts-y-la-brecha-con-el-Apruebo-que-sube-a-39-2pts-se-acorta-de-15pts-a-8pts.-14-esta-indeciso-3pts..pdf
441,29-07-2022,27-07-2022,29-07-2022,Gabriel Boric,Cadem,Plaza Pública,37,56,7,706,,,,,online,446,0,https://insight-chile.cl/storage/2022/07/Plaza-Publica-446-Rechazo-llega-a-48-1pto-y-se-mantiene-la-diferencia-con-el-Apruebo-que-marca-38-1pto.-14-sigue-indeciso..pdf
442,01-08-2022,27-07-2022,01-08-2022,Gabriel Boric,Criteria,Agenda Criteria,35,54,11,1000,,,,,online,Julio 2022,0,https://www.criteria.cl/descargas/Agenda_Criteria_Julio_2022-7b5hR.pdf
443,05-08-2022,02-08-2022,05-08-2022,Gabriel Boric,Activa Research,Pulso Ciudadano,29.8,54.4,15.8,1224,,,,,online,Agosto 2022 Q1,0,https://chile.activasite.com/wp-content/uploads/2022/08/220871_Pulso_-Ciudadano_-AGOSTO_Q1_0807_-V2.pdf
444,05-08-2022,03-08-2022,05-08-2022,Gabriel Boric,Cadem,Plaza Pública,35,56,9,704,,,,,online,417,0,https://insight-chile.cl/storage/2022/08/Plaza-Publica-417-A-un-mes-del-plebiscito-se-mantiene-diferencia-de-10pts-entre-el-Rechazo-47-1pto-y-el-Apruebo-37-1pto.pdf
445,07-08-2022,05-08-2022,07-08-2022,Gabriel Boric,TuInfluyes.com,DataInfluye,36,49,15,1650,,,,,online,Citado en tuinfluyes.com (07-08-2022),0,https://www.tuinfluyes.com/paneles/e/julio-2022?
446,12-08-2022,10-08-2022,12-08-2022,Gabriel Boric,Activa Research,Pulso Ciudadano,29.6,54.3,16.1,1514,,,,,online,Citado en chile.activasite.com (12-08-2022),0,https://chile.activasite.com/wp-content/uploads/2022/08/221687_PULSO_CIUDADANO_ELECTORAL_PLEBISCITO-DE-SALIDA_0814_V2.pdf
447,12-08-2022,10-08-2022,12-08-2022,Gabriel Boric,Cadem,Plaza Pública,38,55,7,1015,,,,,online,448,0,https://insight-chile.cl/storage/2022/08/Track-PP-448-Agosto-S2-VF.pdf
448,19-08-2022,16-08-2022,19-08-2022,Gabriel Boric,Activa Research,Pulso Ciudadano,31.7,52.9,15.4,2089,,,,,online,Agosto 2022,0,https://chile.activasite.com/wp-content/uploads/2022/08/221722_PULSO_CIUDADANO_ELECTORAL_PLEBISCITO-DE-SALIDA_AGOSTO_S3_0819_V1.pdf
449,19-08-2022,17-08-2022,19-08-2022,Gabriel Boric,Cadem,Plaza Pública,37,56,7,1007,,,,,online,449,0,https://insight-chile.cl/storage/2022/08/Plaza-Publica-449-A-dos-semanas-de-las-elecciones-37-1pto-votaria-Apruebo-y-46-Rechazo.-17-no-sabe-no-responde-o-no-vota.pdf
450,26-08-2022,25-08-2022,26-08-2022,Gabriel Boric,Cadem,Plaza Pública,39,56,5,705,,,,,online,450,0,https://insight-chile.cl/storage/2022/08/Plaza-Publica-450-62-conoce-o-ha-oido-hablar-de-Hector-Llaitul-y-el-79-tiene-una-imagen-negativa-o-muy-negativa.pdf
451,28-08-2022,24-08-2022,28-08-2022,Gabriel Boric,Activa Research,Pulso Ciudadano,30.3,54.7,15.0,1960,,,,,online,Agosto 2022 Q2,0,https://chile.activasite.com/wp-content/uploads/2022/08/221764_PULSO_CIUDADANO__AGOSTO_Q2_0828_V1.pdf
452,30-08-2022,26-08-2022,30-08-2022,Gabriel Boric,Criteria,Agenda Criteria,37,51,12,1000,,,,,online,Agosto 2022,0,https://www.criteria.cl/descargas/Agenda_Criteria_Agosto_2022-5v6Bq.pdf
453,07-09-2022,06-09-2022,07-09-2022,Gabriel Boric,Feedback Research,Estudio Feedback,34,50,16,3992,,,,,online,Citado en Ex-Ante (07-09-2022),0,https://www.ex-ante.cl/politica/feedback-54-de-quienes-dicen-haber-rechazado-nueva-constitucion-prefiere-que-una-comision-de-expertos-la-redacte/
454,09-09-2022,07-09-2022,09-09-2022,Gabriel Boric,Cadem,Plaza Pública,33,60,7,704,,,,,online,452,0,https://insight-chile.cl/storage/2022/09/PP-452-67-esta-de-acuerdo-con-que-Chile-tenga-una-nueva-Constitucion.pdf
455,12-09-2022,09-09-2022,12-09-2022,Gabriel Boric,TuInfluyes.com,DataInfluye,32,49,19,1745,,,,,online,Citado en tuinfluyes.com (12-09-2022),0,https://www.tuinfluyes.com/paneles/e/agosto-2022?
456,15-09-2022,13-09-2022,15-09-2022,Gabriel Boric,Cadem,Plaza Pública,38,57,5,705,,,,,online,453,0,https://insight-chile.cl/storage/2022/09/Track-PP-453-Septiembre-S3-VF.pdf
457,23-09-2022,20-09-2022,23-09-2022,Gabriel Boric,Activa Research,Pulso Ciudadano,29.7,57.6,12.7,1240,,,,,online,Septiembre 2022,0,https://chile.activasite.com/wp-content/uploads/2022/09/220872_PULSO_CIUDADANO__SEPTIEMBRE_0925_V3.pdf
458,23-09-2022,21-09-2022,23-09-2022,Gabriel Boric,Cadem,Plaza Pública,39,56,5,704,,,,,online,454,0,http://web.archive.org/web/20221203012948/https://cadem.cl/wp-content/uploads/2022/09/Plaza-Publica-454-58-cree-que-el-mejor-mecanismo-para-redactar-una-nueva-Constitucion-es-una-convencion-mixta-solo-un-36-prefiere-una-convencion-100-electa.pdf
459,30-09-2022,28-09-2022,30-09-2022,Gabriel Boric,Cadem,Plaza Pública,35,59,6,703,,,,,online,455,0,https://insight-chile.cl/storage/2022/10/Track-PP-455-Septiembre-S5-VF.pdf
460,03-10-2022,29-09-2022,03-10-2022,Gabriel Boric,Criteria,Agenda Criteria,38,50,12,1000,,,,,online,Septiembre 2022,0,https://www.criteria.cl/descargas/Agenda_Criteria_Septiembre_2022-9n5Vx.pdf
461,07-10-2022,05-10-2022,07-10-2022,Gabriel Boric,Cadem,Plaza Pública,33,60,7,708,,,,,online,456,0,https://insight-chile.cl/storage/2022/10/Plaza-Publica-456-71-esta-de-acuerdo-con-que-Chile-necesita-una-nueva-Constitucion-y-para-el-66-es-un-tema-prioritario.pdf
462,10-10-2022,08-10-2022,10-10-2022,Gabriel Boric,TuInfluyes.com,DataInfluye,33,51,16,1150,,,,,online,Citado en tuinfluyes.com (10-10-2022),0,https://www.tuinfluyes.com/paneles/e/octubre-2022?
463,14-10-2022,12-10-2022,14-10-2022,Gabriel Boric,Cadem,Plaza Pública,27,65,8,703,,,,,online,457,0,https://insight-chile.cl/storage/2022/10/Plaza-Publica-457-Aprobacion-del-Presidente-Boric-cae-6pts-a-27-y-se-ubica-por-primera-vez-bajo-la-barrera-del-30.-65-5pts-desaprueba-su-gest.pdf
464,21-10-2022,19-10-2022,21-10-2022,Gabriel Boric,Cadem,Plaza Pública,26,66,8,705,,,,,online,458,0,https://insight-chile.cl/storage/2022/10/Plaza-Publica-458-61-cree-que-la-delincuencia-deberia-ser-la-primera-prioridad-del-gobierno-seguida-de-lejos-por-inflacion-35-y-salud-27.pdf
465,26-10-2022,24-10-2022,26-10-2022,Gabriel Boric,Research Chile,Research Chile,29,67,4,1016,,,,,online,Octubre 2022,0,https://researchchile.cl/wp-content/uploads/2022/10/Resultados-Octubre.pdf
466,28-10-2022,24-10-2022,28-10-2022,Gabriel Boric,Activa Research,Pulso Ciudadano,25.4,63.4,11.2,1079,,,,,online,Octubre 2022,0,https://chile.activasite.com/wp-content/uploads/2022/10/220873_PULSO_CIUDADANO_OCTUBRE_1030_v1.pdf
467,28-10-2022,26-10-2022,28-10-2022,Gabriel Boric,Cadem,Plaza Pública,26,68,6,706,,,,,online,459,0,https://insight-chile.cl/storage/2022/10/Track-PP-459-Octubre-S4-VF.pdf
468,02-11-2022,27-10-2022,02-11-2022,Gabriel Boric,Criteria,Agenda Criteria,31,57,12,1000,,,,,online,Octubre 2022,0,https://www.criteria.cl/descargas/Agenda_Criteria_Octubre_2022-8g4mB.pdf
469,04-11-2022,02-11-2022,04-11-2022,Gabriel Boric,Cadem,Plaza Pública,25,69,6,708,,,,,online,460,0,http://web.archive.org/web/20250328054644/https://cadem.cl/wp-content/uploads/2022/11/Track_PP_460_Noviembre_S1_V3.pdf
470,11-11-2022,09-11-2022,11-11-2022,Gabriel Boric,Cadem,Plaza Pública,33,58,9,705,,,,,online,461,0,https://insight-chile.cl/storage/2022/11/Track_PP_461_Noviembre_S2_VF.pdf
471,14-11-2022,11-11-2022,14-11-2022,Gabriel Boric,TuInfluyes.com,DataInfluye,37,48,15,1538,,,,,online,Citado en tuinfluyes.com (14-11-2022),0,https://www.tuinfluyes.com/paneles/e/noviembre-2022?
472,18-11-2022,16-11-2022,18-11-2022,Gabriel Boric,Cadem,Plaza Pública,31,61,8,702,,,,,online,462,0,https://insight-chile.cl/storage/2022/11/Plaza-Publica-462Aprobacion-de-Carolina-Toha-como-Ministra-del-Interior-sube-a-63-y-completa-un-alza-de-18pts-en-dos-meses..pdf
473,22-11-2022,21-11-2022,22-11-2022,Gabriel Boric,Research Chile,Research Chile,34,63,3,801,,,,,online,Noviembre 2022,0,https://researchchile.cl/wp-content/uploads/2022/11/Informe-Encuesta-Noviembre-Research-Chile.pdf
474,25-11-2022,22-11-2022,25-11-2022,Gabriel Boric,Activa Research,Pulso Ciudadano,24.6,61,14.4,853,,,,,online,Noviembre 2022,0,https://chile.activasite.com/wp-content/uploads/2022/11/220874_PULSO_CIUDADANO_NOVIEMBRE_1127_v1.pdf
475,25-11-2022,23-11-2022,25-11-2022,Gabriel Boric,Cadem,Plaza Pública,29,63,8,703,,,,,online,463,0,https://insight-chile.cl/storage/2022/11/Track-PP-463-Noviembre-S4-VF-1.pdf
476,29-11-2022,23-11-2022,29-11-2022,Gabriel Boric,Criteria,Agenda Criteria,30,56,14,1000,,,,,online,Noviembre 2022,0,https://www.criteria.cl/descargas/Agenda_Criteria_Noviembre_2022-1fbh8.pdf
477,02-12-2022,30-11-2022,02-12-2022,Gabriel Boric,Cadem,Plaza Pública,29,65,6,706,,,,,online,464,0,http://web.archive.org/web/20230522181953/https://cadem.cl/wp-content/uploads/2022/12/Track-PP-464-Diciembre-S1-VF.pdf
478,09-12-2022,07-12-2022,09-12-2022,Gabriel Boric,Cadem,Plaza Pública,31,65,4,707,,,,,online,465,0,https://insight-chile.cl/storage/2022/12/Track-PP-465-Diciembre-S2-VF.pdf
479,15-12-2022,13-12-2022,15-12-2022,Gabriel Boric,Research Chile,Research Chile,32,63,5,800,,,,,online,Diciembre 2022,0,https://researchchile.cl/wp-content/uploads/2022/12/Informe-Diciembre-Research-Chile.pdf
480,16-12-2022,13-12-2022,16-12-2022,Gabriel Boric,Activa Research,Pulso Ciudadano,25.5,63.6,10.9,830,,,,,online,Diciembre 2022,0,https://chile.activasite.com/wp-content/uploads/2022/12/220875_PULSO_CIUDADANO_DICIEMBRE_1218_v2.pdf
481,16-12-2022,14-12-2022,16-12-2022,Gabriel Boric,Cadem,Plaza Pública,30,64,6,707,,,,,online,466,0,https://insight-chile.cl/storage/2022/12/Track-PP-466-Diciembre-S3-VF.pdf
482,18-12-2022,08-11-2022,18-12-2022,Gabriel Boric,CEP,Encuesta CEP,24,61,15,1441,,,,,presencial,Citado en CEP (18-12-2022),0,https://www.cepchile.cl/wp-content/uploads/2023/01/CEP88_PPT_ANEXOS-1.pdf
483,19-12-2022,16-12-2022,19-12-2022,Gabriel Boric,TuInfluyes.com,DataInfluye,33,54,13,1004,,,,,online,Diciembre 2022,0,https://www.paneltuinfluyes.com/e/diciembre-2022?
484,22-12-2022,21-12-2022,22-12-2022,Gabriel Boric,Cadem,Plaza Pública,30,66,4,704,,,,,online,467,0,https://insight-chile.cl/storage/2022/12/Track-PP-467-Diciembre-S4-VF.pdf
485,28-12-2022,28-12-2022,28-12-2022,Gabriel Boric,Criteria,Agenda Criteria,35,54,11,1000,,,,,online,Diciembre 2022,0,https://www.criteria.cl/descargas/Agenda_Criteria_Diciembre_2022-6hfV3.pdf
486,30-12-2022,28-12-2022,30-12-2022,Gabriel Boric,Cadem,Plaza Pública,30,61,9,705,,,,,online,468,0,https://insight-chile.cl/storage/2023/01/Track-PP-468-Diciembre-S5-VF-1.pdf
487,06-01-2023,04-01-2023,06-01-2023,Gabriel Boric,Cadem,Plaza Pública,27,70,3,703,,,,,online,469,0,https://insight-chile.cl/storage/2023/01/Track-PP-469-Enero-S1-VF.pdf
488,10-01-2023,09-01-2023,10-01-2023,Gabriel Boric,Research Chile,Research Chile,26,71,3,803,,,,,online,Citado en Emol (10-01-2023),0,https://www.emol.com/noticias/Nacional/2023/01/16/1083970/encuesta.html
489,13-01-2023,11-01-2023,13-01-2023,Gabriel Boric,Cadem,Plaza Pública,25,70,5,701,,,,,online,470,0,https://insight-chile.cl/storage/2023/01/Track-PP-470-Enero-S2-VF.pdf
490,18-01-2023,17-01-2023,18-01-2023,Gabriel Boric,Feedback Research,Estudio Feedback,29,60,11,2873,,,,,online,Citado en Ex-Ante (18-01-2023),0,https://www.ex-ante.cl/economia/encuesta-feedback-69-cree-que-el-pais-va-en-la-direccion-equivocada/
491,20-01-2023,18-01-2023,20-01-2023,Gabriel Boric,Cadem,Plaza Pública,27,67,6,709,,,,,online,471,0,https://insight-chile.cl/storage/2023/01/Track-PP-471-Enero-S3-VF.pdf
492,23-01-2023,20-01-2023,23-01-2023,Gabriel Boric,TuInfluyes.com,DataInfluye,26,58,16,1066,,,,,online,Enero 2023,0,https://www.paneltuinfluyes.com/e/enero-2023?
493,27-01-2023,23-01-2023,27-01-2023,Gabriel Boric,Activa Research,Pulso Ciudadano,26.1,60.7,13.2,870,,,,,online,Enero 2023,0,https://chile.activasite.com/wp-content/uploads/2023/01/230791_PULSO_CIUDADANO_ENERO_0129_v2.pdf
494,27-01-2023,25-01-2023,27-01-2023,Gabriel Boric,Cadem,Plaza Pública,28,66,6,702,,,,,online,472,0,https://insight-chile.cl/storage/2023/01/Track-PP-472-Enero-S4_VF.pdf
495,31-01-2023,26-01-2023,31-01-2023,Gabriel Boric,Criteria,Agenda Criteria,33,55,12,1028,,,,,online,Enero 2023,0,https://www.criteria.cl/descargas/Agenda_Criteria_Enero_2023-2bkY5.pdf
496,03-02-2023,01-02-2023,03-02-2023,Gabriel Boric,Cadem,Plaza Pública,27,67,6,704,,,,,online,473,0,https://insight-chile.cl/storage/2023/02/Track-PP-473-Febrero-S1-VF.pdf
497,07-02-2023,06-02-2023,07-02-2023,Gabriel Boric,Research Chile,Research Chile,34,62,4,805,,,,,online,Febrero 2023,0,https://researchchile.cl/wp-content/uploads/2023/02/Informe-Febrero-2023-1.pdf
498,10-02-2023,08-02-2023,10-02-2023,Gabriel Boric,Cadem,Plaza Pública,29,65,6,706,,,,,online,474,0,https://insight-chile.cl/storage/2023/02/Track-PP-474-Febrero-S2-VF.pdf
499,17-02-2023,15-02-2023,17-02-2023,Gabriel Boric,Cadem,Plaza Pública,30,64,6,702,,,,,online,475,0,https://insight-chile.cl/storage/2023/02/Track-PP-475-Febrero-S3-VF.pdf
500,24-02-2023,20-02-2023,24-02-2023,Gabriel Boric,Activa Research,Pulso Ciudadano,26.9,59.3,13.8,816,,,,,online,Febrero 2023,0,https://chile.activasite.com/wp-content/uploads/2023/02/230792_PULSO_CIUDADANO_FEBRERO_0226_v1.pdf
501,24-02-2023,22-02-2023,24-02-2023,Gabriel Boric,Cadem,Plaza Pública,32,61,7,703,,,,,online,476,0,https://insight-chile.cl/storage/2023/02/Track-PP-476-Febrero-S4-VF.pdf
502,26-02-2023,25-01-2023,26-02-2023,Gabriel Boric,CERC-MORI,CERC-MORI,25,61,14,1000,,,,,telefónica,Citado en morichile.cl (26-02-2023),0,http://morichile.cl/wp-content/uploads/2023/03/INFORME-DE-PRENSA-BAROMETRO-DE-LA-POL%C3%8DTICA-Marzo-2023.pdf
503,28-02-2023,23-02-2023,28-02-2023,Gabriel Boric,Criteria,Agenda Criteria,39,50,11,1000,,,,,online,Febrero 2023,0,https://www.criteria.cl/descargas/Agenda_Criteria_Febrero_2023-3gNd9.pdf
504,03-03-2023,01-03-2023,03-03-2023,Gabriel Boric,Cadem,Plaza Pública,35,60,5,703,,,,,online,477,0,https://insight-chile.cl/storage/2023/03/Track-PP-477-Marzo-S1-VF-003.pdf
505,06-03-2023,02-03-2023,06-03-2023,Gabriel Boric,TuInfluyes.com,DataInfluye,38,49,13,1000,,,,,online,Febrero 2023,0,https://www.paneltuinfluyes.com/e/febrero-2023?
506,08-03-2023,06-03-2023,08-03-2023,Gabriel Boric,Research Chile,Research Chile,38,58,4,882,,,,,online,Marzo 2023,0,https://researchchile.cl/wp-content/uploads/2023/03/Informe-Marzo-2023.pdf
507,10-03-2023,08-03-2023,10-03-2023,Gabriel Boric,Cadem,Plaza Pública,32,62,6,705,,,,,online,478,0,https://insight-chile.cl/storage/2023/03/Track-PP-478-Marzo-S2-VF-1.pdf
508,17-03-2023,15-03-2023,17-03-2023,Gabriel Boric,Cadem,Plaza Pública,35,60,5,704,,,,,online,479,0,https://insight-chile.cl/storage/2023/03/Track-PP-479-Marzo-S3-VF.pdf
509,24-03-2023,21-03-2023,24-03-2023,Gabriel Boric,Activa Research,Pulso Ciudadano,25.4,61,13.6,913,,,,,online,Marzo 2023,0,https://chile.activasite.com/wp-content/uploads/2023/03/230793_PULSO_CIUDADANO_MARZO_0326_v2.pdf
510,24-03-2023,22-03-2023,24-03-2023,Gabriel Boric,Cadem,Plaza Pública,30,65,5,705,,,,,online,480,0,https://insight-chile.cl/storage/2023/03/Track-PP-480-Marzo-S4-VF-1-1.pdf
511,31-03-2023,04-04-2023,31-03-2023,Gabriel Boric,Cadem,Plaza Pública,29,63,8,703,,,,,online,481,0,https://insight-chile.cl/storage/2023/04/Track-PP-481-Marzo-S5-VF.pdf
512,02-04-2023,30-03-2023,02-04-2023,Gabriel Boric,TuInfluyes.com,DataInfluye,31,54,15,1121,,,,,online,Marzo 2023,0,https://www.paneltuinfluyes.com/e/marzo-2023?
513,04-04-2023,30-03-2023,04-04-2023,Gabriel Boric,Criteria,Agenda Criteria,38,49,13,1000,,,,,online,Marzo 2023,0,https://www.criteria.cl/descargas/Agenda_Criteria_Marzo_2023-4cLg5.pdf
514,05-04-2023,04-04-2023,05-04-2023,Gabriel Boric,Cadem,Plaza Pública,30,65,5,711,,,,,online,482,0,https://insight-chile.cl/storage/2023/04/Track-PP-482-Abril-S1-VF.pdf
515,12-04-2023,10-04-2023,12-04-2023,Gabriel Boric,Research Chile,Research Chile,32,64,4,823,,,,,online,Abril 2023,0,https://researchchile.cl/wp-content/uploads/2023/04/Informe-Abril-2023.pdf
516,14-04-2023,11-04-2023,14-04-2023,Gabriel Boric,Activa Research,Pulso Ciudadano,30.8,54.8,14.4,1020,,,,,online,Abril 2023 Q1,0,https://chile.activasite.com/wp-content/uploads/2023/04/231465_PULSO_CIUDADANO_ABRIL_Q1_0416_v1.pdf
517,14-04-2023,12-04-2023,14-04-2023,Gabriel Boric,Cadem,Plaza Pública,30,64,6,704,,,,,online,483,0,https://insight-chile.cl/storage/2023/04/Track-PP-483-Abril-S2-VF.pdf
518,21-04-2023,19-04-2023,21-04-2023,Gabriel Boric,Cadem,Plaza Pública,29,65,6,706,,,,,online,484,0,https://insight-chile.cl/storage/2023/04/Track-PP-484-Abril-S3-VF.pdf
519,28-04-2023,24-04-2023,28-04-2023,Gabriel Boric,Activa Research,Pulso Ciudadano,28,59.1,12.9,1034,,,,,online,Abril 2023 Q2,0,https://chile.activasite.com/wp-content/uploads/2023/04/231465_PULSO_CIUDADANO_ABRIL_Q2_0430_v1-1.pdf
520,28-04-2023,26-04-2023,28-04-2023,Gabriel Boric,Cadem,Plaza Pública,30,62,8,703,,,,,online,485,0,https://insight-chile.cl/storage/2023/04/Track-PP-485-Abril-S4-VF.pdf
521,02-05-2023,28-04-2023,02-05-2023,Gabriel Boric,Criteria,Agenda Criteria,38,52,10,1000,,,,,online,Abril 2023,0,https://www.criteria.cl/descargas/Agenda_Criteria_Abril_2023-5dPe8.pdf
522,05-05-2023,03-05-2023,05-05-2023,Gabriel Boric,Cadem,Plaza Pública,28,66,6,703,,,,,online,486,0,https://insight-chile.cl/storage/2023/05/Track-PP-486-Mayo-S1-VF.pdf
523,08-05-2023,08-05-2023,08-05-2023,Gabriel Boric,Research Chile,Research Chile,35,62,3,765,,,,,online,Mayo 2023,0,https://researchchile.cl/wp-content/uploads/2023/05/Mayo-2023.pdf
524,11-05-2023,10-05-2023,11-05-2023,Gabriel Boric,Cadem,Plaza Pública,30,65,5,707,,,,,online,487,0,https://insight-chile.cl/storage/2023/05/Track-PP-487-Mayo-S2-VF.pdf
525,15-05-2023,12-05-2023,15-05-2023,Gabriel Boric,TuInfluyes.com,DataInfluye,33,50,17,950,,,,,online,Abril 2023,0,https://www.paneltuinfluyes.com/e/abril-2023?
526,19-05-2023,17-05-2023,19-05-2023,Gabriel Boric,Cadem,Plaza Pública,30,62,8,703,,,,,online,488,0,https://insight-chile.cl/storage/2023/05/Track-PP-488-Mayo-S3-VF.pdf
527,22-05-2023,17-05-2023,22-05-2023,Gabriel Boric,Feedback Research,Estudio Feedback,38,52,10,2254,,,,,online,Citado en static1.squarespace.com (22-05-2023),0,https://static1.squarespace.com/static/621d4958e9a71e162e576945/t/64751a5a8b1bfc490f6665aa/1685396063345/Encuesta+Feedback+Mayo+2023.pdf
528,26-05-2023,23-05-2023,26-05-2023,Gabriel Boric,Activa Research,Pulso Ciudadano,27.9,60,12.1,1024,,,,,online,Mayo 2023,0,https://chile.activasite.com/wp-content/uploads/2023/05/230795_PULSO_CIUDADANO_MAYO_0528_v1.pdf
529,26-05-2023,24-05-2023,26-05-2023,Gabriel Boric,Cadem,Plaza Pública,31,61,8,703,,,,,online,489,0,https://insight-chile.cl/storage/2023/05/Track-PP-489-Mayo-S4-VF.pdf
530,02-06-2023,01-06-2023,02-06-2023,Gabriel Boric,Cadem,Plaza Pública,41,51,8,712,,,,,online,490,0,https://insight-chile.cl/storage/2023/06/Track-PP-490-Junio-S1-VF.pdf
531,05-06-2023,01-06-2023,05-06-2023,Gabriel Boric,Criteria,Agenda Criteria,34,53,13,1000,,,,,online,Junio 2023,0,https://www.criteria.cl/descargas/Agenda_Criteria_Junio_2023-6sRn2.pdf
532,05-06-2023,05-06-2023,05-06-2023,Gabriel Boric,Research Chile,Research Chile,40,56,4,805,,,,,online,Junio 2023,0,https://researchchile.cl/wp-content/uploads/2023/06/Junio-2023.pdf
533,09-06-2023,07-06-2023,09-06-2023,Gabriel Boric,Cadem,Plaza Pública,33,62,5,708,,,,,online,491,0,https://insight-chile.cl/storage/2023/06/Track-PP-491-Junio-S2-VF.pdf
534,14-06-2023,13-06-2023,14-06-2023,Gabriel Boric,Panel Ciudadano-UDD,Panel Ciudadano,29,61,10,1704,,,,,online,Citado en panelciudadano.cl (14-06-2023),0,https://panelciudadano.cl/wp-content/uploads/2023/06/Panel-Ciudadano-UDD-Nueva-Constitucion-aprobacion-y-prioridades.pdf
535,16-06-2023,14-06-2023,16-06-2023,Gabriel Boric,Cadem,Plaza Pública,30,65,5,708,,,,,online,492,0,http://web.archive.org/web/20250114224726/https://cadem.cl/wp-content/uploads/2023/06/Track-PP-492-Junio-S3-VF.pdf
536,19-06-2023,15-06-2023,19-06-2023,Gabriel Boric,TuInfluyes.com,DataInfluye,35,53,12,1184,,,,,online,Mayo 2023,0,https://www.paneltuinfluyes.com/e/mayo-2023?
537,23-06-2023,22-06-2023,23-06-2023,Gabriel Boric,Cadem,Plaza Pública,28,65,7,704,,,,,online,493,0,https://insight-chile.cl/storage/2023/06/Track-PP-493-Junio-S4-VF.pdf
538,29-06-2023,29-06-2023,29-06-2023,Gabriel Boric,Panel Ciudadano-UDD,Panel Ciudadano,29,61,10,¿?,,,,,online,Citado en Panel Ciudadano UDD (29-06-2023),0,https://gobierno.udd.cl/files/2023/06/encuesta-constitucion-y-prioridades-junio-2023.pdf
539,30-06-2023,27-06-2023,30-06-2023,Gabriel Boric,Activa Research,Pulso Ciudadano,28.9,60.2,10.9,1064,,,,,online,Junio 2023,0,https://chile.activasite.com/wp-content/uploads/2023/07/230796_PULSO_CIUDADANO_JUNIO_0630_v1.pdf
540,30-06-2023,28-06-2023,30-06-2023,Gabriel Boric,Cadem,Plaza Pública,28,67,5,709,,,,,online,494,0,https://insight-chile.cl/storage/2023/07/Track-PP-494-Junio-S5-VF.pdf
541,03-07-2023,28-06-2023,03-07-2023,Gabriel Boric,Feedback Research,Estudio Feedback,31,60,9,2519,,,,,online,Citado en labconstitucional.udp.cl (03-07-2023),0,https://web.archive.org/web/20230711025135/https://labconstitucional.udp.cl/cms/wp-content/uploads/2023/07/Informe-Encuesta-LabCon-UDP-Feedback-julio-2023-1.pdf
542,03-07-2023,03-07-2023,03-07-2023,Gabriel Boric,Research Chile,Research Chile,33,64,3,786,,,,,online,Julio 2023,0,https://researchchile.cl/wp-content/uploads/2023/07/Informe-Julio-2023-Research-Chile.pdf
543,04-07-2023,01-07-2023,04-07-2023,Gabriel Boric,Criteria,Agenda Criteria,36,51,13,1000,,,,,online,Julio 2023,0,https://www.criteria.cl/descargas/Agenda_Criteria_Julio_2023-7dNs3.pdf
544,07-07-2023,05-07-2023,07-07-2023,Gabriel Boric,Cadem,Plaza Pública,29,64,7,705,,,,,online,495,0,https://insight-chile.cl/storage/2023/07/Track-PP-495-Julio-S1-VF.pdf
545,12-07-2023,31-05-2023,12-07-2023,Gabriel Boric,CEP,Encuesta CEP,27,62,11,1467,,,,,presencial,Citado en CEP (12-07-2023),0,https://www.cepchile.cl/wp-content/uploads/2023/07/CEP89-ANEXOS-COMPLETA-2.pdf
546,13-07-2023,12-07-2023,13-07-2023,Gabriel Boric,Panel Ciudadano-UDD,Panel Ciudadano,27,66,7,1853,,,,,online,Citado en panelciudadano.cl (13-07-2023),0,https://panelciudadano.cl/wp-content/uploads/2023/07/Panel_Ciudadano_UDD_Aprobacion_Plebiscito_Cambio-gabinete.pdf
547,14-07-2023,12-07-2023,14-07-2023,Gabriel Boric,Cadem,Plaza Pública,31,63,6,701,,,,,online,496,0,https://insight-chile.cl/storage/2023/07/Track-PP-496-Julio-S2-VF.pdf
548,17-07-2023,12-07-2023,17-07-2023,Gabriel Boric,TuInfluyes.com,DataInfluye,35,49,16,1308,,,,,online,Junio 2023,0,https://www.paneltuinfluyes.com/e/junio-2023?
549,21-07-2023,19-07-2023,21-07-2023,Gabriel Boric,Cadem,Plaza Pública,32,63,5,705,,,,,online,497,0,http://web.archive.org/web/20250114205806/https://cadem.cl/wp-content/uploads/2023/07/Track-PP-497-Julio-S3-VF.pdf
550,26-07-2023,26-07-2023,26-07-2023,Gabriel Boric,Panel Ciudadano-UDD,Panel Ciudadano,30,63,7,¿?,,,,,online,,1,
551,28-07-2023,24-07-2023,28-07-2023,Gabriel Boric,Activa Research,Pulso Ciudadano,27.1,61.9,11.0,1058,,,,,online,Julio 2023,0,https://chile.activasite.com/wp-content/uploads/2023/07/230797_PULSO_CIUDADANO_JULIO_0730_v1-1.pdf
552,28-07-2023,26-07-2023,28-07-2023,Gabriel Boric,Cadem,Plaza Pública,28,65,7,706,,,,,online,498,0,https://insight-chile.cl/storage/2023/07/Track-PP-498-Julio-S4-VF.pdf
553,01-08-2023,31-07-2023,01-08-2023,Gabriel Boric,Research Chile,Research Chile,30,67,3,816,,,,,online,Agosto 2023,0,https://researchchile.cl/wp-content/uploads/2023/08/Informe-Agosto-2023-Research-Chile.pdf
554,04-08-2023,02-08-2023,04-08-2023,Gabriel Boric,Cadem,Plaza Pública,30,64,6,707,,,,,online,499,0,https://insight-chile.cl/storage/2023/08/Track-PP-499-Agosto-S1-VF-1.pdf
555,05-08-2023,05-08-2023,05-08-2023,Gabriel Boric,Panel Ciudadano-UDD,Panel Ciudadano,28,62,10,¿?,,,,,online,,1,
556,08-08-2023,03-08-2023,08-08-2023,Gabriel Boric,Criteria,Agenda Criteria,32,56,12,1000,,,,,online,Agosto 2023,0,https://www.criteria.cl/descargas/Agenda_Criteria_Agosto_2023-8dAb5.pdf
557,10-08-2023,08-08-2023,10-08-2023,Gabriel Boric,Feedback Research,Estudio Feedback,35.8,53.1,11.1,2720,,,,,online,Citado en labconstitucional.udp.cl (10-08-2023),0,https://web.archive.org/web/20230818183422/https://labconstitucional.udp.cl/cms/wp-content/uploads/2023/08/Informe-Encuesta-LabCon-UDP-Feedback-Agosto-2023-Finaal.pdf
558,11-08-2023,09-08-2023,11-08-2023,Gabriel Boric,Cadem,Plaza Pública,28,66,6,704,,,,,online,500,0,https://insight-chile.cl/storage/2023/08/Track-PP-500-Agosto-S2-VF-1.pdf
559,12-08-2023,11-08-2023,12-08-2023,Gabriel Boric,Panel Ciudadano-UDD,Panel Ciudadano,29,62,9,1045,,,,,online,Citado en panelciudadano.cl (12-08-2023),0,https://panelciudadano.cl/wp-content/uploads/2023/08/PanelCiudadanoUDD_Aprobacion_Plebiscito-y-Contingencia.pdf
560,18-08-2023,16-08-2023,18-08-2023,Gabriel Boric,Cadem,Plaza Pública,27,69,4,706,,,,,online,501,0,https://insight-chile.cl/storage/2023/08/Track-PP-501-Agosto-S3-VF.pdf
561,21-08-2023,17-08-2023,21-08-2023,Gabriel Boric,TuInfluyes.com,DataInfluye,34,55,11,1157,,,,,online,Julio 2023,0,https://www.paneltuinfluyes.com/e/julio-2023?
562,25-08-2023,23-08-2023,25-08-2023,Gabriel Boric,Cadem,Plaza Pública,28,67,5,704,,,,,online,502,0,https://insight-chile.cl/storage/2023/08/Track-PP-502-Agosto-S4-VF.pdf
563,31-08-2023,28-08-2023,31-08-2023,Gabriel Boric,Activa Research,Pulso Ciudadano,23.2,60.7,16.1,1076,,,,,online,Agosto 2023,0,https://chile.activasite.com/wp-content/uploads/2023/09/230798_PULSO_CIUDADANO_AGOSTO_0903_v1.pdf
564,01-09-2023,30-08-2023,01-09-2023,Gabriel Boric,Cadem,Plaza Pública,29,65,6,705,,,,,online,503,0,https://insight-chile.cl/storage/2023/09/Track-PP-503-Agosto-S5-VF.pdf
565,05-09-2023,01-09-2023,05-09-2023,Gabriel Boric,Criteria,Agenda Criteria,28,62,10,998,,,,,online,Septiembre 2023,0,https://www.criteria.cl/descargas/Agenda_Criteria_Septiembre_2023-9bFs3.pdf
566,08-09-2023,06-09-2023,08-09-2023,Gabriel Boric,Cadem,Plaza Pública,28,67,5,712,,,,,online,504,0,https://insight-chile.cl/storage/2023/09/Track-PP-504-Septiembre-S1-VF.pdf
567,14-09-2023,13-09-2023,14-09-2023,Gabriel Boric,Panel Ciudadano-UDD,Panel Ciudadano,27,62,11,1018,,,,,online,Citado en Panel Ciudadano UDD (14-09-2023),0,https://gobierno.udd.cl/files/2023/09/panelciudadano_udd-plebiscito-2023.pdf
568,15-09-2023,13-09-2023,15-09-2023,Gabriel Boric,Cadem,Plaza Pública,31,64,5,703,,,,,online,505,0,https://insight-chile.cl/storage/2023/09/Track-PP-505-Septiembre-S2-VF.pdf
569,21-09-2023,20-09-2023,21-09-2023,Gabriel Boric,Panel Ciudadano-UDD,Panel Ciudadano,26,65,9,1786,,,,,online,Citado en Panel Ciudadano UDD (21-09-2023),0,https://gobierno.udd.cl/files/2023/09/panelciudadano_udd-plebiscito-2023.pdf
570,22-09-2023,20-09-2023,22-09-2023,Gabriel Boric,Cadem,Plaza Pública,32,65,3,705,,,,,online,506,0,http://web.archive.org/web/20240106090158/https://cadem.cl/wp-content/uploads/2023/09/Track-PP-506-Septiembre-S3-VF.pdf
571,25-09-2023,21-09-2023,25-09-2023,Gabriel Boric,TuInfluyes.com,DataInfluye,26,55,19,1075,,,,,online,Septiembre 2023,0,https://www.paneltuinfluyes.com/e/septiembre-2023?
572,26-09-2023,25-09-2023,26-09-2023,Gabriel Boric,Research Chile,Research Chile,34,62,4,813,,,,,online,Septiembre 2023,0,https://researchchile.cl/wp-content/uploads/2023/09/Informe-Septiembre-2023-Research-Chile.pdf
573,29-09-2023,25-09-2023,29-09-2023,Gabriel Boric,Activa Research,Pulso Ciudadano,28.3,55.8,15.9,1036,,,,,online,Septiembre 2023,0,https://chile.activasite.com/wp-content/uploads/2023/10/230799_PULSO_CIUDADANO_SEPTIEMBRE_0930_v1.pdf
574,29-09-2023,27-09-2023,29-09-2023,Gabriel Boric,Cadem,Plaza Pública,31,63,6,705,,,,,online,507,0,http://web.archive.org/web/20231217101643/https://cadem.cl/wp-content/uploads/2023/10/Track-PP-507-Septiembre-S4-VF.pdf
575,03-10-2023,26-09-2023,03-10-2023,Gabriel Boric,Feedback Research,Estudio Feedback,40.8,47.8,11.4,2871,,,,,online,Citado en labconstitucional.udp.cl (03-10-2023),0,https://web.archive.org/web/20231109010734/https://labconstitucional.udp.cl/cms/wp-content/uploads/2023/10/InformeEncuesta-LabConUDP-Feedback.Septiembre-Septiembre-2023.pdf
576,06-10-2023,04-10-2023,06-10-2023,Gabriel Boric,Cadem,Plaza Pública,34,61,5,705,,,,,online,508,0,https://insight-chile.cl/storage/2023/10/Track-PP-508-Octubre-S1-VF.pdf
577,08-10-2023,07-10-2023,08-10-2023,Gabriel Boric,Panel Ciudadano-UDD,Panel Ciudadano,28,65,7,1002,,,,,online,,1,
578,10-10-2023,05-10-2023,10-10-2023,Gabriel Boric,Criteria,Agenda Criteria,30,56,14,1000,,,,,online,Octubre 2023,0,https://www.criteria.cl/descargas/Agenda_Criteria_Octubre_2023-1cHd4.pdf
579,13-10-2023,11-10-2023,13-10-2023,Gabriel Boric,Cadem,Plaza Pública,32,61,7,701,,,,,online,509,0,https://insight-chile.cl/storage/2023/10/Track-PP-509-Octubre-S2-VF.pdf
580,17-10-2023,16-10-2023,17-10-2023,Gabriel Boric,Panel Ciudadano-UDD,Panel Ciudadano,32,60,8,704,,,,,online,,1,
581,18-10-2023,16-10-2023,18-10-2023,Gabriel Boric,Research Chile,Research Chile,33,63,4,832,,,,,online,Octubre 2023,0,https://researchchile.cl/wp-content/uploads/2023/10/Informe-Octubre-2023-Research-Chile-22102023.pdf
582,20-10-2023,18-10-2023,20-10-2023,Gabriel Boric,Cadem,Plaza Pública,31,63,6,702,,,,,online,510,0,https://insight-chile.cl/storage/2023/10/Track-PP-510-Octubre-S1-VF.pdf
583,23-10-2023,19-10-2023,23-10-2023,Gabriel Boric,TuInfluyes.com,DataInfluye,28,54,18,1051,,,,,online,Octubre 2023,0,https://www.paneltuinfluyes.com/e/octubre-2023?
584,26-10-2023,23-10-2023,26-10-2023,Gabriel Boric,Activa Research,Pulso Ciudadano,31.4,56.6,12.0,1171,,,,,online,Octubre 2023,0,https://chile.activasite.com/wp-content/uploads/2023/10/230800_PULSO_CIUDADANO_OCTUBRE_1029_v2.pdf
585,26-10-2023,25-10-2023,26-10-2023,Gabriel Boric,Cadem,Plaza Pública,33,60,7,705,,,,,online,511,0,https://insight-chile.cl/storage/2023/10/Track-PP-511-Octubre-S4-VF.pdf
586,26-10-2023,24-10-2023,26-10-2023,Gabriel Boric,Feedback Research,Estudio Feedback,36.6,49.1,14.3,5086,,,,,online,Citado en labconstitucional.udp.cl (26-10-2023),0,https://web.archive.org/web/20231031234202/https://labconstitucional.udp.cl/cms/wp-content/uploads/2023/10/Informe-Encuesta-LabCon-UDP-Feedback-Octubre-2023.pdf
587,02-11-2023,24-09-2023,02-11-2023,Gabriel Boric,CEP,Encuesta CEP,26,61,13,1478,,,,,presencial,Citado en CEP (02-11-2023),0,https://www.cepchile.cl/wp-content/uploads/2023/11/cep90_anexos_vf.pdf
588,03-11-2023,02-11-2023,03-11-2023,Gabriel Boric,Cadem,Plaza Pública,37,57,6,702,,,,,online,512,0,https://insight-chile.cl/storage/2023/11/Track-PP-512-Noviembre-S1-VF.pdf
589,06-11-2023,02-11-2023,06-11-2023,Gabriel Boric,Criteria,Agenda Criteria,34,52,14,1000,,,,,online,Noviembre 2023,0,https://www.criteria.cl/descargas/Agenda_Criteria_Noviembre_2023-2dFn3.pdf
590,10-11-2023,08-11-2023,10-11-2023,Gabriel Boric,Cadem,Plaza Pública,33,59,8,710,,,,,online,513,0,https://insight-chile.cl/storage/2023/11/Track-PP-513-Noviembre-S2-VF.pdf
591,12-11-2023,11-11-2023,12-11-2023,Gabriel Boric,Panel Ciudadano-UDD,Panel Ciudadano,27,59,14,1815,,,,,online,Citado en panelciudadano.cl (12-11-2023),0,https://panelciudadano.cl/wp-content/uploads/2023/11/Panel-Ciudadano-UDD-12nov-Plebiscito-y-presidencial.pdf
592,16-11-2023,14-11-2023,16-11-2023,Gabriel Boric,Feedback Research,Estudio Feedback,35.9,50.8,13.3,4825,,,,,online,Citado en labconstitucional.udp.cl (16-11-2023),0,https://web.archive.org/web/20231122143930/https://labconstitucional.udp.cl/cms/wp-content/uploads/2023/11/Informe-Encuesta-LabCon-UDP-Feedback-Noviembre-2023.pdf
593,17-11-2023,15-11-2023,17-11-2023,Gabriel Boric,Cadem,Plaza Pública,31,65,4,711,,,,,online,514,0,https://insight-chile.cl/storage/2023/11/Track-PP-514-Noviembre-S3-VF.pdf
594,24-11-2023,22-11-2023,24-11-2023,Gabriel Boric,Cadem,Plaza Pública,30,65,5,705,,,,,online,515,0,https://insight-chile.cl/storage/2023/11/Track-PP-515-Noviembre-S4-VF.pdf
595,27-11-2023,23-11-2023,27-11-2023,Gabriel Boric,TuInfluyes.com,DataInfluye,31,52,17,1113,,,,,online,Noviembre 2023,0,https://www.paneltuinfluyes.com/e/noviembre-2023?
596,30-11-2023,27-11-2023,30-11-2023,Gabriel Boric,Activa Research,Pulso Ciudadano,27.1,58.8,14.1,1607,,,,,online,Noviembre 2023,0,https://chile.activasite.com/wp-content/uploads/2023/12/230801_PULSO_CIUDADANO_NOVIEMBRE_1203_v1-002.pdf
597,01-12-2023,29-11-2023,01-12-2023,Gabriel Boric,Cadem,Plaza Pública,33,62,5,703,,,,,online,516,0,https://insight-chile.cl/storage/2023/12/Track-PP-516-Noviembre-S5-VF.pdf
598,02-12-2023,27-11-2023,02-12-2023,Gabriel Boric,Criteria,Agenda Criteria,33,52,15,1000,,,,,online,Diciembre 2023,0,https://www.criteria.cl/descargas/Agenda_Criteria_Diciembre_2023-3eBh5.pdf
599,07-12-2023,06-12-2023,07-12-2023,Gabriel Boric,Cadem,Plaza Pública,32,64,4,703,,,,,online,517,0,https://insight-chile.cl/storage/2023/12/Track-PP-517-Diciembre-S1-VF.pdf
600,15-12-2023,13-12-2023,15-12-2023,Gabriel Boric,Cadem,Plaza Pública,31,61,8,704,,,,,online,518,0,https://insight-chile.cl/storage/2023/12/Track-PP-518-Diciembre-S2-VF.pdf
601,21-12-2023,20-12-2023,21-12-2023,Gabriel Boric,Cadem,Plaza Pública,33,60,7,703,,,,,online,519,0,https://insight-chile.cl/storage/2023/12/Track-PP-519-Diciembre-S3-VF.pdf
602,27-12-2023,26-12-2023,27-12-2023,Gabriel Boric,Activa Research,Pulso Ciudadano,26.5,57.1,16.4,1000,,,,,online,Diciembre 2023,0,https://chile.activasite.com/wp-content/uploads/2023/12/230802_PULSO_CIUDADANO_DICIEMBRE_1228_v2.pdf
603,27-12-2023,27-12-2023,27-12-2023,Gabriel Boric,TuInfluyes.com,DataInfluye,27,46,27.0,1473,,,,,online,Diciembre 2023,0,https://www.paneltuinfluyes.com/e/diciembre-2023?
604,29-12-2023,27-12-2023,29-12-2023,Gabriel Boric,Cadem,Plaza Pública,33,60,7,707,,,,,online,520,0,https://insight-chile.cl/storage/2023/12/Track-PP-520-Diciembre-S4.pdf
605,05-01-2024,03-01-2024,05-01-2024,Gabriel Boric,Cadem,Plaza Pública,31,64,5,702,,,,,online,521,0,https://insight-chile.cl/storage/2024/01/Track-PP-521-Enero-S1-VF.pdf
606,08-01-2024,04-01-2024,08-01-2024,Gabriel Boric,Criteria,Agenda Criteria,32,55,13,1000,,,,,online,Enero 2024,0,https://www.criteria.cl/descargas/Agenda_Criteria_Enero_2024-4fch6.pdf
607,12-01-2024,10-01-2024,12-01-2024,Gabriel Boric,Cadem,Plaza Pública,32,61,7,703,,,,,online,522,0,https://insight-chile.cl/storage/2024/01/Track-PP-522-Enero-S2-VF.pdf
608,19-01-2024,17-01-2024,19-01-2024,Gabriel Boric,Cadem,Plaza Pública,29,62,9,702,,,,,online,523,0,https://insight-chile.cl/storage/2024/01/Track-PP-523-Enero-S3-VF.pdf
609,22-01-2024,19-01-2024,22-01-2024,Gabriel Boric,TuInfluyes.com,DataInfluye,28,50,22,1377,,,,,online,Enero 2024,0,https://www.paneltuinfluyes.com/e/enero-2024?
610,26-01-2024,25-01-2024,26-01-2024,Gabriel Boric,Activa Research,Pulso Ciudadano,27,60.4,12.6,1152,,,,,online,Enero 2024,0,https://chile.activasite.com/wp-content/uploads/2024/01/241103_PULSO_CIUDADANO_ENERO_2801_v1.pdf
611,26-01-2024,24-01-2024,26-01-2024,Gabriel Boric,Cadem,Plaza Pública,32,61,7,703,,,,,online,524,0,https://insight-chile.cl/storage/2024/01/Track-PP-524-Enero-S4-VF.pdf
612,02-02-2024,31-01-2024,02-02-2024,Gabriel Boric,Cadem,Plaza Pública,33,62,5,707,,,,,online,525,0,https://insight-chile.cl/storage/2024/02/Track-PP-525-Febrero-S1-VF.pdf
613,06-02-2024,01-02-2024,06-02-2024,Gabriel Boric,Criteria,Agenda Criteria,29,60,11,1030,,,,,online,Febrero 2024,0,https://www.criteria.cl/descargas/Agenda_Criteria_Febrero_2024-5eDh8.pdf
614,09-02-2024,07-02-2024,09-02-2024,Gabriel Boric,Cadem,Plaza Pública,31,61,8,707,,,,,online,526,0,https://insight-chile.cl/storage/2024/02/Track-PP-526-Febrero-S2-VF-1.pdf
615,16-02-2024,14-02-2024,16-02-2024,Gabriel Boric,Cadem,Plaza Pública,33,60,7,711,,,,,online,527,0,https://insight-chile.cl/storage/2024/02/Track-PP-527-Febrero-S3-VF.pdf
616,23-02-2024,21-02-2024,23-02-2024,Gabriel Boric,Cadem,Plaza Pública,35,61,4,706,,,,,online,528,0,https://insight-chile.cl/storage/2024/02/Track-PP-528-Febrero-S4-VF.pdf
617,29-02-2024,28-02-2024,29-02-2024,Gabriel Boric,Activa Research,Pulso Ciudadano,25.5,62.2,12.3,1213,,,,,online,Febrero 2024,0,https://chile.activasite.com/wp-content/uploads/2024/03/241104_PULSO_CIUDADANO_FEBRERO_0229_V2.pdf
618,01-03-2024,28-02-2024,01-03-2024,Gabriel Boric,Cadem,Plaza Pública,29,66,5,704,,,,,online,529,0,https://insight-chile.cl/storage/2024/03/Track-PP-529-Marzo-S1-VF.pdf
619,04-03-2024,01-03-2024,04-03-2024,Gabriel Boric,Criteria,Agenda Criteria,30,56,14,1000,,,,,online,Marzo 2024,0,https://www.criteria.cl/descargas/Agenda_Criteria_Marzo_2024-6gEn2.pdf
620,08-03-2024,06-03-2024,08-03-2024,Gabriel Boric,Cadem,Plaza Pública,27,66,7,704,,,,,online,530,0,https://insight-chile.cl/storage/2024/03/Track-PP-530-Marzo-S2-VF.pdf
621,15-03-2024,13-03-2024,15-03-2024,Gabriel Boric,Cadem,Plaza Pública,31,63,6,703,,,,,online,531,0,https://insight-chile.cl/storage/2024/03/Track-PP-531-Marzo-S3-VF.pdf
622,22-03-2024,20-03-2024,22-03-2024,Gabriel Boric,Cadem,Plaza Pública,34,61,5,706,,,,,online,532,0,https://insight-chile.cl/storage/2024/03/Track-PP-532-Marzo-S4-VF.pdf
623,24-03-2024,21-03-2024,24-03-2024,Gabriel Boric,TuInfluyes.com,DataInfluye,31,53,16,1230,,,,,online,Marzo 2024,0,https://www.paneltuinfluyes.com/e/marzo-2024?
624,28-03-2024,27-03-2024,28-03-2024,Gabriel Boric,Activa Research,Pulso Ciudadano,27.7,60.3,12.0,1004,,,,,online,Marzo 2024,0,https://chile.activasite.com/wp-content/uploads/2024/04/241105_PULSO_CIUDADANO_MARZO_0331_V1.pdf
625,28-03-2024,26-03-2024,28-03-2024,Gabriel Boric,Cadem,Plaza Pública,33,64,3,707,,,,,online,533,0,https://insight-chile.cl/storage/2024/03/Track-PP-533-Marzo-S5-VF.pdf
626,01-04-2024,28-03-2024,01-04-2024,Gabriel Boric,Criteria,Agenda Criteria,30,56,14,1000,,,,,online,Abril 2024,0,https://www.criteria.cl/descargas/Agenda_Criteria_Abril_2024-8eVd3.pdf
627,05-04-2024,03-04-2024,05-04-2024,Gabriel Boric,Cadem,Plaza Pública,33,61,6,705,,,,,online,534,0,https://insight-chile.cl/storage/2024/04/Track-PP-534-Abril-S1-VF.pdf
628,12-04-2024,10-04-2024,12-04-2024,Gabriel Boric,Cadem,Plaza Pública,30,62,8,703,,,,,online,535,0,https://insight-chile.cl/storage/2024/04/Track-PP-535-Abril-S2-VF.pdf
629,19-04-2024,17-04-2024,19-04-2024,Gabriel Boric,Cadem,Plaza Pública,32,62,6,705,,,,,online,536,0,https://insight-chile.cl/storage/2024/04/Track-PP-536-Abril-S3-VF.pdf
630,26-04-2024,24-04-2024,26-04-2024,Gabriel Boric,Activa Research,Pulso Ciudadano,26,61,13,1115,,,,,online,Abril 2024,0,https://chile.activasite.com/wp-content/uploads/2024/04/241106_PULSO_CIUDADANO_ABRIL_0426_v1.pdf
631,27-04-2024,24-04-2024,27-04-2024,Gabriel Boric,Cadem,Plaza Pública,30,65,5,1183,,,,,online,537,0,https://insight-chile.cl/storage/2024/04/Track-PP-537-Abril-S4-VF.pdf
632,29-04-2024,26-04-2024,29-04-2024,Gabriel Boric,Criteria,Agenda Criteria,33,57,10,1000,,,,,online,Mayo 2024,0,https://www.criteria.cl/descargas/Agenda_Criteria_Mayo_2024-5nBx4.pdf
633,30-04-2024,25-04-2024,30-04-2024,Gabriel Boric,TuInfluyes.com,DataInfluye,32,59,9,1181,,,,,online,Abril 2024,0,https://www.paneltuinfluyes.com/e/abril-2024?
634,03-05-2024,02-05-2024,03-05-2024,Gabriel Boric,Cadem,Plaza Pública,24,70,6,705,,,,,online,538,0,https://insight-chile.cl/storage/2024/05/Track-PP-538-Mayo-S1-VF.pdf
635,03-05-2024,26-04-2024,03-05-2024,Gabriel Boric,Feedback Research,Estudio Feedback,30,58,12,1685,,,,,online,Citado en static1.squarespace.com (03-05-2024),0,https://static1.squarespace.com/static/621d4958e9a71e162e576945/t/663e4ffb9c850029a58f2ec9/1715359741328/Encuesta+Feedback+mayo+2024.pdf
636,10-05-2024,08-05-2024,10-05-2024,Gabriel Boric,Cadem,Plaza Pública,26,66,8,705,,,,,online,539,0,https://insight-chile.cl/storage/2024/05/Track-PP-539-Mayo-S2-VF.pdf
637,17-05-2024,15-05-2024,17-05-2024,Gabriel Boric,Cadem,Plaza Pública,28,66,6,702,,,,,online,540,0,https://insight-chile.cl/storage/2024/05/Track_PP_540_Mayo_S3_V31.pdf
638,24-05-2024,22-05-2024,24-05-2024,Gabriel Boric,Cadem,Plaza Pública,30,65,5,702,,,,,online,541,0,https://insight-chile.cl/storage/2024/05/Track-PP-541-Mayo-S4-VF.pdf
639,27-05-2024,22-05-2024,27-05-2024,Gabriel Boric,TuInfluyes.com,DataInfluye,29,57,14,1001,,,,,online,Mayo 2024,0,https://www.paneltuinfluyes.com/e/mayo-2024?
640,31-05-2024,29-05-2024,31-05-2024,Gabriel Boric,Activa Research,Pulso Ciudadano,27.7,56.5,15.8,1085,,,,,online,Mayo 2024,0,https://chile.activasite.com/wp-content/uploads/2024/06/241107_PULSO_CIUDADANO_MAYO_0531_v1.pdf
641,02-06-2024,05-06-2024,02-06-2024,Gabriel Boric,Cadem,Plaza Pública,31,61,8,705,,,,,online,542,0,https://insight-chile.cl/storage/2024/06/Track-PP-542-Mayo-S5-VF.pdf
642,03-06-2024,31-05-2024,03-06-2024,Gabriel Boric,Criteria,Agenda Criteria,33,51,16,1000,,,,,online,Junio 2024,0,https://www.criteria.cl/descargas/Agenda_Criteria_Junio_2024-6vRh3.pdf
643,07-06-2024,05-06-2024,07-06-2024,Gabriel Boric,Cadem,Plaza Pública,32,61,7,701,,,,,online,543,0,https://insight-chile.cl/storage/2024/06/Track-PP-543-Junio-S1-VF.pdf
644,14-06-2024,12-06-2024,14-06-2024,Gabriel Boric,Cadem,Plaza Pública,34,59,7,702,,,,,online,544,0,https://insight-chile.cl/storage/2024/06/Track-PP-544-Junio-S2-VF.pdf
645,21-06-2024,19-06-2024,21-06-2024,Gabriel Boric,Cadem,Plaza Pública,36,57,7,707,,,,,online,545,0,https://insight-chile.cl/storage/2024/06/Track-PP-545-Junio-S3-VF.pdf
646,28-06-2024,26-06-2024,28-06-2024,Gabriel Boric,Activa Research,Pulso Ciudadano,26,60.2,13.8,1074,,,,,online,Junio 2024,0,https://chile.activasite.com/wp-content/uploads/2024/07/241108_PULSO_CIUDADANO_JUNIO_0630_v1.pdf
647,28-06-2024,26-06-2024,28-06-2024,Gabriel Boric,Cadem,Plaza Pública,34,59,7,704,,,,,online,546,0,http://web.archive.org/web/20240701033431/https://cadem.cl/wp-content/uploads/2024/06/Track-PP-546-Junio-S4-VF.pdf
648,01-07-2024,28-06-2024,01-07-2024,Gabriel Boric,Criteria,Agenda Criteria,35,53,12,1000,,,,,online,Julio 2024,0,https://www.criteria.cl/descargas/Agenda_Criteria_Julio_2024-7dFn2.pdf
649,01-07-2024,26-06-2024,01-07-2024,Gabriel Boric,TuInfluyes.com,DataInfluye,36,50,14,1083,,,,,online,Junio 2024,0,https://www.paneltuinfluyes.com/e/junio-2024?
650,05-07-2024,03-07-2024,05-07-2024,Gabriel Boric,Cadem,Plaza Pública,35,60,5,705,,,,,online,547,0,https://insight-chile.cl/storage/2024/07/Track-PP-547-Julio-S1-VF.pdf
651,11-07-2024,10-07-2024,11-07-2024,Gabriel Boric,Panel Ciudadano-UDD,Panel Ciudadano,28,62,10,2292,,,,,online,Citado en panelciudadano.cl (11-07-2024),0,https://panelciudadano.cl/wp-content/uploads/2024/07/Panel-Ciudadano-UDD-Voto-obligatorio-12-jun.pdf
652,12-07-2024,10-07-2024,12-07-2024,Gabriel Boric,Cadem,Plaza Pública,35,60,5,704,,,,,online,548,0,https://insight-chile.cl/storage/2024/07/Track-PP-548-Julio-S2-VF.pdf
653,14-07-2024,31-05-2024,14-07-2024,Gabriel Boric,CEP,Encuesta CEP,27,61,12,1478,,,,,presencial,Citado en static.cepchile.cl (14-07-2024),0,https://static.cepchile.cl/uploads/cepchile/2024/07/30-141724_7cvw_PPT-CEP-91_ANEXOS.pdf
654,19-07-2024,17-07-2024,19-07-2024,Gabriel Boric,Cadem,Plaza Pública,31,61,8,705,,,,,online,549,0,https://insight-chile.cl/storage/2024/07/Track-PP-549-Julio-S3-VF.pdf
655,26-07-2024,24-07-2024,26-07-2024,Gabriel Boric,Activa Research,Pulso Ciudadano,22.2,63.2,14.6,1070,,,,,online,Julio 2024,0,https://chile.activasite.com/wp-content/uploads/2024/07/241109_PULSO_CIUDADANO_JULIO_0728_v1.pdf
656,26-07-2024,24-07-2024,26-07-2024,Gabriel Boric,Cadem,Plaza Pública,31,64,5,706,,,,,online,550,0,https://insight-chile.cl/storage/2024/07/Track-PP-550-Julio-S4-VF.pdf
657,29-07-2024,24-07-2024,29-07-2024,Gabriel Boric,TuInfluyes.com,DataInfluye,28,53,19,1269,,,,,online,Julio 2024,0,https://www.paneltuinfluyes.com/e/julio-2024?
658,02-08-2024,30-07-2024,02-08-2024,Gabriel Boric,Cadem,Plaza Pública,35,57,8,703,,,,,online,551,0,https://insight-chile.cl/storage/2024/08/Track-PP-551-Agosto-S1-VF.pdf
659,05-08-2024,01-08-2024,05-08-2024,Gabriel Boric,Criteria,Agenda Criteria,35,50,15,1000,,,,,online,Agosto 2024,0,https://www.criteria.cl/descargas/Agenda_Criteria_Agosto_2024-8eGb3.pdf
660,09-08-2024,07-08-2024,09-08-2024,Gabriel Boric,Cadem,Plaza Pública,37,55,8,707,,,,,online,552,0,https://insight-chile.cl/storage/2024/08/Track-PP-552-Agosto-S2-VF-1.pdf
661,16-08-2024,13-08-2024,16-08-2024,Gabriel Boric,Cadem,Plaza Pública,37,56,7,703,,,,,online,553,0,https://insight-chile.cl/storage/2024/08/Track-PP-553-Agosto-S3-VF-1.pdf
662,23-08-2024,21-08-2024,23-08-2024,Gabriel Boric,Cadem,Plaza Pública,34,59,7,702,,,,,online,554,0,https://insight-chile.cl/storage/2024/08/Track-PP-554-Agosto-S4-VF.pdf
663,25-08-2024,21-08-2024,25-08-2024,Gabriel Boric,TuInfluyes.com,DataInfluye,30,47,23,1217,,,,,online,Agosto 2024,0,https://www.paneltuinfluyes.com/e/agosto-2024?
664,30-08-2024,29-08-2024,30-08-2024,Gabriel Boric,Activa Research,Pulso Ciudadano,30.8,56.8,12.4,1019,,,,,online,Agosto 2024,0,https://chile.activasite.com/wp-content/uploads/2024/09/24110_PULSO_CIUDADANO_AGOSTO_0831_V1.pdf
665,30-08-2024,28-08-2024,30-08-2024,Gabriel Boric,Cadem,Plaza Pública,35,56,9,705,,,,,online,555,0,https://insight-chile.cl/storage/2024/09/Track-PP-555-Agosto-S5-VF.pdf
666,03-09-2024,30-08-2024,03-09-2024,Gabriel Boric,Criteria,Agenda Criteria,38,50,12,1000,,,,,online,Septiembre 2024,0,https://www.criteria.cl/descargas/Agenda_Criteria_Septiembre_2024-9fBc4.pdf
667,06-09-2024,04-09-2024,06-09-2024,Gabriel Boric,Cadem,Plaza Pública,32,58,10,703,,,,,online,556,0,https://insight-chile.cl/storage/2024/09/Track-PP-556-Septiembre-S1-VF.pdf
668,12-09-2024,02-08-2024,12-09-2024,Gabriel Boric,CEP,Encuesta CEP,30,54,16,1482,,,,,presencial,Citado en static.cepchile.cl (12-09-2024),0,https://static.cepchile.cl/uploads/cepchile/2024/10/02-144908_c98u_PPT-CEP-92_ANEXOS.pdf
669,13-09-2024,11-09-2024,13-09-2024,Gabriel Boric,Cadem,Plaza Pública,32,61,7,701,,,,,online,557,0,https://insight-chile.cl/storage/2024/09/Track-PP-557-Septiembre-S2-VF.pdf
670,18-09-2024,17-09-2024,18-09-2024,Gabriel Boric,Cadem,Plaza Pública,35,58,7,708,,,,,online,558,0,https://insight-chile.cl/storage/2024/09/Track-PP-558-Septiembre-S3-VF.pdf
671,27-09-2024,25-09-2024,27-09-2024,Gabriel Boric,Activa Research,Pulso Ciudadano,30.8,55.2,14.0,1018,,,,,online,Septiembre 2024,0,https://chile.activasite.com/wp-content/uploads/2024/09/241111_PULSO_CIUDADANO_SEPTIEMBRE_0929_V1.pdf
672,27-09-2024,25-09-2024,27-09-2024,Gabriel Boric,Cadem,Plaza Pública,34,57,9,705,,,,,online,559,0,https://insight-chile.cl/storage/2024/09/Track-PP-559-Septiembre-S4-VF.pdf
673,29-09-2024,25-09-2024,29-09-2024,Gabriel Boric,TuInfluyes.com,DataInfluye,32,48,20,1276,,,,,online,Septiembre 2024,0,https://www.paneltuinfluyes.com/e/septiembre-2024?
674,04-10-2024,02-10-2024,04-10-2024,Gabriel Boric,Cadem,Plaza Pública,34,57,9,702,,,,,online,560,0,https://insight-chile.cl/storage/2024/10/Track-PP-560-Octubre-S1-VF.pdf
675,07-10-2024,04-10-2024,07-10-2024,Gabriel Boric,Criteria,Agenda Criteria,37,50,13,1000,,,,,online,Octubre 2024,0,https://www.criteria.cl/descargas/Agenda_Criteria_Octubre_2024-0dsP5.pdf
676,11-10-2024,09-10-2024,11-10-2024,Gabriel Boric,Cadem,Plaza Pública,32,60,8,705,,,,,online,561,0,https://insight-chile.cl/storage/2024/10/Track-PP-561-Octubre-S2-VF.pdf
677,18-10-2024,17-10-2024,18-10-2024,Gabriel Boric,Cadem,Plaza Pública,27,65,8,702,,,,,online,562,0,https://insight-chile.cl/storage/2024/10/Track-PP-562-Octubre-S3-VF.pdf
678,25-10-2024,23-10-2024,25-10-2024,Gabriel Boric,Cadem,Plaza Pública,25,67,8,705,,,,,online,563,0,http://web.archive.org/web/20241127023710/https://cadem.cl/wp-content/uploads/2024/10/Track-PP-563-Octubre-S4-VF.pdf
679,31-10-2024,29-10-2024,31-10-2024,Gabriel Boric,Activa Research,Pulso Ciudadano,28.6,61.8,9.6,1200,,,,,online,Octubre 2024,0,https://chile.activasite.com/wp-content/uploads/2024/11/241112_PULSO_CIUDADANO_OCTUBRE_1031_V3.pdf
680,31-10-2024,30-10-2024,31-10-2024,Gabriel Boric,Cadem,Plaza Pública,25,68,7,705,,,,,online,564,0,https://insight-chile.cl/storage/2024/11/Track-PP-564-Octubre-S5-VF.pdf
681,04-11-2024,30-10-2024,04-11-2024,Gabriel Boric,TuInfluyes.com,DataInfluye,33,49,18,1211,,,,,online,Octubre 2024,0,https://www.paneltuinfluyes.com/e/octubre-2024?
682,05-11-2024,30-10-2024,05-11-2024,Gabriel Boric,Criteria,Agenda Criteria,30,57,13,1005,,,,,online,Noviembre 2024,0,https://www.criteria.cl/descargas/Agenda_Criteria_Noviembre_2024-1egN6.pdf
683,07-11-2024,06-11-2024,07-11-2024,Gabriel Boric,Feedback Research,Estudio Feedback,37,53,10,3524,,,,,online,Citado en static1.squarespace.com (07-11-2024),0,https://static1.squarespace.com/static/621d4958e9a71e162e576945/t/672e382d09e20c0b5af31923/1731082289798/Encuesta+Feedback+RM+Noviembre+2024.pdf
684,08-11-2024,06-11-2024,08-11-2024,Gabriel Boric,Cadem,Plaza Pública,28,64,8,700,,,,,online,565,0,https://insight-chile.cl/storage/2024/11/Track-PP-565-Noviembre-S1-VF.pdf
685,15-11-2024,13-11-2024,15-11-2024,Gabriel Boric,Cadem,Plaza Pública,28,65,7,706,,,,,online,566,0,https://insight-chile.cl/storage/2024/11/Track-PP-566-Noviembre-S2.pdf
686,22-11-2024,20-11-2024,22-11-2024,Gabriel Boric,Cadem,Plaza Pública,26,67,7,708,,,,,online,567,0,https://insight-chile.cl/storage/2024/11/Track-PP-567-Noviembre-S2-VF.pdf
687,29-11-2024,28-11-2024,29-11-2024,Gabriel Boric,Activa Research,Pulso Ciudadano,28.6,61.3,10.1,1024,,,,,online,Noviembre 2024,0,https://chile.activasite.com/wp-content/uploads/2024/12/241113_PULSO_CIUDADANO_NOVIEMBRE_2024_1129_V1.pdf
688,29-11-2024,27-11-2024,29-11-2024,Gabriel Boric,Cadem,Plaza Pública,29,63,8,703,,,,,online,568,0,https://insight-chile.cl/storage/2024/12/Track-PP-568-Noviembre-S4-VF.pdf
689,01-12-2024,27-11-2024,01-12-2024,Gabriel Boric,TuInfluyes.com,DataInfluye,30,52,18,1187,,,,,online,Noviembre 2024,0,https://www.paneltuinfluyes.com/e/noviembre-2024?
690,02-12-2024,29-11-2024,02-12-2024,Gabriel Boric,Criteria,Agenda Criteria,29,57,14,1004,,,,,online,Diciembre 2024,0,https://criteria.cl/descargas/Agenda_Criteria_Diciembre_2024-2fhB9.pdf
691,06-12-2024,04-12-2024,06-12-2024,Gabriel Boric,Cadem,Plaza Pública,32,62,6,705,,,,,online,569,0,https://insight-chile.cl/storage/2024/12/Track-PP-569-Diciembre-S1-VF.pdf
692,13-12-2024,11-12-2024,13-12-2024,Gabriel Boric,Cadem,Plaza Pública,29,62,9,710,,,,,online,570,0,https://insight-chile.cl/storage/2024/12/Track-PP-570-Diciembre-S2-VF.pdf
693,20-12-2024,18-12-2024,20-12-2024,Gabriel Boric,Cadem,Plaza Pública,33,59,8,705,,,,,online,571,0,https://insight-chile.cl/storage/2024/12/Track-PP-571-Diciembre-S3-VF.pdf
694,22-12-2024,17-12-2024,22-12-2024,Gabriel Boric,TuInfluyes.com,DataInfluye,30,50,20,1174,,,,,online,Diciembre 2024,0,https://www.paneltuinfluyes.com/e/diciembre-2024?
695,27-12-2024,26-12-2024,27-12-2024,Gabriel Boric,Activa Research,Pulso Ciudadano,25.7,62.8,11.5,1055,,,,,online,Diciembre 2024,0,https://chile.activasite.com/wp-content/uploads/2024/12/241114_PULSO_CIUDADANO_DICIEMBRE_2024_1229_V2.pdf
696,27-12-2024,25-12-2024,27-12-2024,Gabriel Boric,Cadem,Plaza Pública,30,60,10,700,,,,,online,572,0,https://insight-chile.cl/storage/2024/12/Track-PP-572-Diciembre-S4-VF.pdf
697,03-01-2025,01-01-2025,03-01-2025,Gabriel Boric,Cadem,Plaza Pública,28,62,10,705,,,,,online,573,0,https://insight-chile.cl/storage/2025/01/Track-PP-573-Enero-S1-VF.pdf
698,08-01-2025,06-01-2025,08-01-2025,Gabriel Boric,Criteria,Agenda Criteria,31,52,17,1009,,,,,online,Enero 2025,0,https://criteria.cl/descargas/Agenda_Criteria_Enero_2025-3dUN1.pdf
699,10-01-2025,08-01-2025,10-01-2025,Gabriel Boric,Cadem,Plaza Pública,31,61,8,705,,,,,online,574,0,https://insight-chile.cl/storage/2025/01/Track-PP-574-Enero-S2-VF.pdf
700,17-01-2025,15-01-2025,17-01-2025,Gabriel Boric,Cadem,Plaza Pública,33,62,5,705,,,,,online,575,0,https://insight-chile.cl/storage/2025/01/Track-PP-575-Enero-S3-VF.pdf
701,24-01-2025,22-01-2025,24-01-2025,Gabriel Boric,Cadem,Plaza Pública,31,64,5,703,,,,,online,576,0,http://web.archive.org/web/20250127002123/https://cadem.cl/wp-content/uploads/2025/01/Track-PP-576-Enero-S4_VF.pdf
702,26-01-2025,22-01-2025,26-01-2025,Gabriel Boric,TuInfluyes.com,DataInfluye,31,55,14,859,,,,,online,Enero 2025,0,https://www.paneltuinfluyes.com/e/enero-2025?
703,31-01-2025,30-01-2025,31-01-2025,Gabriel Boric,Activa Research,Pulso Ciudadano,31.5,58.5,10.0,1009,,,,,online,Enero 2025,0,https://chile.activasite.com/wp-content/uploads/2025/02/250998_PULSO_CIUDADANO_ENERO_2025_0131_V1.pdf
704,31-01-2025,29-01-2025,31-01-2025,Gabriel Boric,Cadem,Plaza Pública,32,63,5,705,,,,,online,577,0,https://insight-chile.cl/storage/2025/02/Track-PP-577-Enero-S5-VF.pdf
705,05-02-2025,03-02-2025,05-02-2025,Gabriel Boric,Criteria,Agenda Criteria,31,57,12,1000,,,,,online,Febrero 2025,0,https://criteria.cl/descargas/Agenda_Criteria_Febrero_2025-2bGK2.pdf
706,07-02-2025,05-02-2025,07-02-2025,Gabriel Boric,Cadem,Plaza Pública,34,62,4,704,,,,,online,578,0,https://insight-chile.cl/storage/2025/02/Track-PP-578-Febrero-S1-VF.pdf
707,14-02-2025,12-02-2025,14-02-2025,Gabriel Boric,Cadem,Plaza Pública,32,62,6,703,,,,,online,579,0,https://insight-chile.cl/storage/2025/02/Track-PP-579-Febrero-S2-VF.pdf
708,21-02-2025,19-02-2025,21-02-2025,Gabriel Boric,Cadem,Plaza Pública,29,64,7,710,,,,,online,580,0,http://web.archive.org/web/20250328064013/https://cadem.cl/wp-content/uploads/2025/02/Track-PP-580-Febrero-S3-VF.pdf
709,28-02-2025,26-02-2025,28-02-2025,Gabriel Boric,Activa Research,Pulso Ciudadano,30.8,57.6,11.6,1050,,,,,online,Febrero 2025,0,https://chile.activasite.com/wp-content/uploads/2025/03/250999_PULSO_CIUDADANO_FEBRERO_2025_0228_V1.pdf
710,28-02-2025,26-02-2025,28-02-2025,Gabriel Boric,Cadem,Plaza Pública,29,64,7,702,,,,,online,581,0,https://insight-chile.cl/storage/2025/03/Track-PP-581-Febrero-S4-VF.pdf
711,07-03-2025,05-03-2025,07-03-2025,Gabriel Boric,Cadem,Plaza Pública,28,65,7,702,,,,,online,582,0,https://insight-chile.cl/storage/2025/03/Track-PP-582-Marzo-S1-VF.pdf
712,14-03-2025,12-03-2025,14-03-2025,Gabriel Boric,Cadem,Plaza Pública,28,67,5,702,,,,,online,583,0,https://insight-chile.cl/storage/2025/03/Track-PP-583-Marzo-S2-VF.pdf
713,21-03-2025,19-03-2025,21-03-2025,Gabriel Boric,Cadem,Plaza Pública,32,63,5,709,,,,,online,584,0,https://insight-chile.cl/storage/2025/03/Track-PP-584-Marzo-S3-VF.pdf
714,23-03-2025,19-03-2025,23-03-2025,Gabriel Boric,TuInfluyes.com,DataInfluye,33,58,9,1022,,,,,online,Marzo 2025,0,https://www.paneltuinfluyes.com/e/marzo-2025?
715,28-03-2025,26-03-2025,28-03-2025,Gabriel Boric,Activa Research,Pulso Ciudadano,25.3,62.7,12.0,1036,,,,,online,Marzo 2025,0,https://chile.activasite.com/wp-content/uploads/2025/03/251000_PULSO_CIUDADANO_MARZO_2025_0330_V2.pdf
716,28-03-2025,26-03-2025,28-03-2025,Gabriel Boric,Cadem,Plaza Pública,28,65,7,703,,,,,online,585,0,https://insight-chile.cl/storage/2025/03/Track-PP-585-Marzo-S4-VF.pdf
717,02-04-2025,31-03-2025,02-04-2025,Gabriel Boric,Criteria,Agenda Criteria,29,60,11,1006,,,,,online,Abril 2025,0,https://www.criteria.cl/descargas/Agenda_Criteria_Abril_2025_1vEb5.pdf
718,04-04-2025,02-04-2025,04-04-2025,Gabriel Boric,Cadem,Plaza Pública,31,66,3,703,,,,,online,586,0,https://insight-chile.cl/storage/2025/04/Track-PP-586-Abril-S1-VF.pdf
719,11-04-2025,09-04-2025,11-04-2025,Gabriel Boric,Cadem,Plaza Pública,27,69,4,703,,,,,online,587,0,https://insight-chile.cl/storage/2025/04/Track-PP-587-Abril-S2-VF.pdf
720,14-04-2025,06-03-2025,14-04-2025,Gabriel Boric,CEP,Encuesta CEP,22,66,12,1493,,,,,presencial,Citado en static.cepchile.cl (14-04-2025),0,https://static.cepchile.cl/uploads/cepchile/2025/05/07-144852_hgoj_CEP93_VF_anexos.pdf
721,16-04-2025,14-04-2025,16-04-2025,Gabriel Boric,Criteria,Agenda Criteria,26,62,12,1016,,,,,online,Abril 2025 M2,0,https://www.criteria.cl/descargas/Agenda_Criteria_Segunda_Medicion_Abril_2025.pdf
722,17-04-2025,15-04-2025,17-04-2025,Gabriel Boric,Cadem,Plaza Pública,32,63,5,701,,,,,online,588,0,https://insight-chile.cl/storage/2025/04/Track-PP-588-Abril-S3-VF.pdf
723,25-04-2025,23-04-2025,25-04-2025,Gabriel Boric,Activa Research,Pulso Ciudadano,29.5,57.6,12.9,1026,,,,,online,Abril 2025,0,https://chile.activasite.com/wp-content/uploads/2025/04/251001_PULSO_CIUDADANO_ABRIL_2025_0426_v2.pdf
724,25-04-2025,23-04-2025,25-04-2025,Gabriel Boric,Cadem,Plaza Pública,29,67,4,704,,,,,online,589,0,http://web.archive.org/web/20250522163422/https://cadem.cl/wp-content/uploads/2025/04/Track-PP-589-Abril-S4-VF.pdf
725,28-04-2025,23-04-2025,28-04-2025,Gabriel Boric,TuInfluyes.com,DataInfluye,34,49,17,1297,,,,,online,Abril 2025,0,https://www.paneltuinfluyes.com/e/abril-2025?
726,30-04-2025,28-04-2025,30-04-2025,Gabriel Boric,Criteria,Agenda Criteria,29,60,11,1000,,,,,online,Mayo 2025,0,https://www.criteria.cl/descargas/Agenda_Criteria_Mayo_2025_v1fB5.pdf
727,02-05-2025,30-04-2025,02-05-2025,Gabriel Boric,Cadem,Plaza Pública,31,64,5,701,,,,,online,590,0,http://web.archive.org/web/20250609144125/https://cadem.cl/wp-content/uploads/2025/05/Track-PP-590-Mayo-S1-VF.pdf
728,09-05-2025,07-05-2025,09-05-2025,Gabriel Boric,Cadem,Plaza Pública,27,70,3,705,,,,,online,591,0,https://insight-chile.cl/storage/2025/05/Track-PP-591-Mayo-S2-VF.pdf
729,14-05-2025,12-05-2025,14-05-2025,Gabriel Boric,Criteria,Agenda Criteria,28,61,11,1001,,,,,online,Mayo 2025 M2,0,https://www.criteria.cl/descargas/Agenda_Criteria_2da_Medicion_Mayo_2025.pdf
730,16-05-2025,14-05-2025,16-05-2025,Gabriel Boric,Cadem,Plaza Pública,26,70,4,705,,,,,online,592,0,https://insight-chile.cl/storage/2025/05/Track-PP-592-Mayo-S3-VF.pdf
731,23-05-2025,22-05-2025,23-05-2025,Gabriel Boric,Cadem,Plaza Pública,28,65,7,703,,,,,online,593,0,http://web.archive.org/web/20250613065841/https://cadem.cl/wp-content/uploads/2025/05/Track-PP-593-Mayo-S4-VF-1.pdf
732,30-05-2025,28-05-2025,30-05-2025,Gabriel Boric,Activa Research,Pulso Ciudadano,25.1,61.1,13.8,1033,,,,,online,Mayo 2025,0,https://chile.activasite.com/wp-content/uploads/2025/06/251002_PULSO_CIUDADANO_MAYO_2025_0530_V2.pdf
733,30-05-2025,28-05-2025,30-05-2025,Gabriel Boric,Cadem,Plaza Pública,27,65,8,705,,,,,online,594,0,https://insight-chile.cl/storage/2025/06/Track-PP-594-Mayo-S5-VF.pdf
734,01-06-2025,01-06-2025,01-06-2025,Gabriel Boric,Cadem,Plaza Pública,32,61,7,702,,,,,online,Citado en insight-chile.cl (01-06-2025),0,https://insight-chile.cl/storage/2025/06/Especial-Cuenta-Publica-2025.pdf
735,01-06-2025,28-05-2025,01-06-2025,Gabriel Boric,TuInfluyes.com,DataInfluye,27,49,24,1338,,,,,online,Citado en datainfluye.cl (01-06-2025),0,https://datainfluye.cl/mayo-2025
736,04-06-2025,02-06-2025,04-06-2025,Gabriel Boric,Criteria,Agenda Criteria,31,59,10,1007,,,,,online,Junio 2025 M1,0,https://www.criteria.cl/descargas/Agenda_Criteria_Junio_2025_M1.pdf
737,06-06-2025,04-06-2025,06-06-2025,Gabriel Boric,Cadem,Plaza Pública,35,59,6,702,,,,,online,594,0,https://insight-chile.cl/storage/2025/06/Track-PP-594-Mayo-S5-VF-1.pdf
738,13-06-2025,11-06-2025,13-06-2025,Gabriel Boric,Cadem,Plaza Pública,34,61,5,701,,,,,online,596,0,https://insight-chile.cl/storage/2025/06/Track-PP-596-Junio-S2_VF.pdf
739,18-06-2025,09-05-2025,18-06-2025,Gabriel Boric,CEP,Encuesta CEP,23,66,11,1507,,,,,presencial,Citado en static.cepchile.cl (18-06-2025),0,https://static.cepchile.cl/uploads/cepchile/2025/07/09-143257_8utc_CEP94_VF_anexos.pdf
740,19-06-2025,17-06-2025,19-06-2025,Gabriel Boric,Cadem,Plaza Pública,34,61,5,703,,,,,online,597,0,https://insight-chile.cl/storage/2025/06/Track-PP-597-Junio-S3.-VF.pdf
741,27-06-2025,25-06-2025,27-06-2025,Gabriel Boric,Cadem,Plaza Pública,32,61,7,703,,,,,online,598,0,https://insight-chile.cl/storage/2025/06/Track-PP-598-Junio-S4.-VF.pdf
742,01-07-2025,30-06-2025,01-07-2025,Gabriel Boric,Activa Research,Pulso Ciudadano,30.7,59.7,9.6,1006,,,,,online,Junio 2025,0,https://chile.activasite.com/wp-content/uploads/2025/07/251003_PULSO_CIUDADANO_JUNIO_2025_0703_v1.pdf
743,03-07-2025,01-07-2025,03-07-2025,Gabriel Boric,Criteria,Agenda Criteria,32,60,8,1002,,,,,online,Julio 2025 M1,0,https://www.criteria.cl/descargas/Agenda_Criteria_Julio_2025_M1.pdf
744,04-07-2025,02-07-2025,04-07-2025,Gabriel Boric,Cadem,Plaza Pública,36,56,8,703,,,,,online,599,0,https://insight-chile.cl/storage/2025/07/Track-PP-599-Julio-S1.-VF.pdf
745,06-07-2025,01-07-2025,06-07-2025,Gabriel Boric,TuInfluyes.com,DataInfluye,38,52,10,1096,,,,,online,Junio 2025,0,https://www.paneltuinfluyes.com/e/junio-2025?
746,11-07-2025,09-07-2025,11-07-2025,Gabriel Boric,Cadem,Plaza Pública,38,55,7,705,,,,,online,600,0,https://insight-chile.cl/storage/2025/07/Track-PP-600-Julio-S2-VF.pdf
747,17-07-2025,15-07-2025,17-07-2025,Gabriel Boric,Criteria,Agenda Criteria,34,57,9,1025,,,,,online,Julio 2025 M2,0,https://www.criteria.cl/descargas/Agenda_Criteria_Julio_2025_M2.pdf
748,18-07-2025,17-07-2025,18-07-2025,Gabriel Boric,Cadem,Plaza Pública,31,62,7,704,,,,,online,601,0,https://insight-chile.cl/storage/2025/07/Track-PP-601-Julio-S3-VF.pdf
749,25-07-2025,23-07-2025,25-07-2025,Gabriel Boric,Cadem,Plaza Pública,33,57,10,702,,,,,online,602,0,http://web.archive.org/web/20250805083439/https://cadem.cl/wp-content/uploads/2025/07/Track-PP-602-Julio-S4-VF.pdf
750,31-07-2025,29-07-2025,31-07-2025,Gabriel Boric,Criteria,Agenda Criteria,32,60,8,1012,,,,,online,Agosto 2025 M1,0,https://www.criteria.cl/descargas/Agenda_Criteria_Agosto_2025_M1.pdf
751,01-08-2025,30-07-2025,01-08-2025,Gabriel Boric,Activa Research,Pulso Ciudadano,27.5,62.1,10.4,1053,,,,,online,Julio 2025,0,https://chile.activasite.com/wp-content/uploads/2025/08/251004_PULSO_CIUDADANO_JULIO_2025_0803_V1.pdf
752,01-08-2025,30-07-2025,01-08-2025,Gabriel Boric,Cadem,Plaza Pública,32,66,2,703,,,,,online,603,0,https://insight-chile.cl/storage/2025/08/Track-PP-603-Agosto-S1-VF.pdf
753,03-08-2025,30-07-2025,03-08-2025,Gabriel Boric,TuInfluyes.com,DataInfluye,32,54,14,1080,,,,,online,Julio 2025,0,https://www.paneltuinfluyes.com/e/julio-2025?
754,08-08-2025,06-08-2025,08-08-2025,Gabriel Boric,Cadem,Plaza Pública,35,62,3,708,,,,,online,604,0,https://insight-chile.cl/storage/2025/08/Track-PP-604-Agosto-S2-VF.pdf
755,14-08-2025,13-08-2025,14-08-2025,Gabriel Boric,Cadem,Plaza Pública,32,66,2,703,,,,,online,605,0,https://insight-chile.cl/storage/2025/08/Track-PP-605-Agosto-S3-VF.pdf
756,14-08-2025,12-08-2025,14-08-2025,Gabriel Boric,Criteria,Agenda Criteria,30,59,11,1003,,,,,online,Agosto 2025 M2,0,https://www.criteria.cl/descargas/Agenda_Criteria_Agosto_2025_M2.pdf
757,15-08-2025,14-08-2025,15-08-2025,Gabriel Boric,Activa Research,Pulso Ciudadano,26.4,63.3,10.3,1006,,,,,online,Agosto 2025 Q1,0,https://chile.activasite.com/wp-content/uploads/2025/08/251973_PULSO_CIUDADANO_AGOSTO_Q1_2025_0820_V1.pdf
758,21-08-2025,19-08-2025,21-08-2025,Gabriel Boric,Criteria,Agenda Criteria,29,62,9,1019,,,,,online,Agosto 2025 M3,0,https://www.criteria.cl/descargas/Agenda_Criteria_Agosto_2025_M3.pdf
759,22-08-2025,20-08-2025,22-08-2025,Gabriel Boric,Cadem,Plaza Pública,30,62,8,705,,,,,online,606,0,https://insight-chile.cl/storage/2025/08/Track-PP-606-Agosto-S4-VF.pdf
760,28-08-2025,26-08-2025,28-08-2025,Gabriel Boric,Criteria,Agenda Criteria,32,58,10,1001,,,,,online,Agosto 2025 M4,0,https://www.criteria.cl/descargas/Agenda_Criteria_Agosto_2025_M4.pdf
761,29-08-2025,26-08-2025,29-08-2025,Gabriel Boric,Activa Research,Pulso Ciudadano,30.1,57.3,12.6,1053,,,,,online,Agosto 2025 Q2,0,https://chile.activasite.com/wp-content/uploads/2025/09/251005_PULSO_CIUDADANO_AGOSTO_Q2_0831_V2.pdf
762,29-08-2025,27-08-2025,29-08-2025,Gabriel Boric,Cadem,Plaza Pública,31,63,6,700,,,,,online,607,0,https://insight-chile.cl/storage/2025/08/Track-PP-607-Agosto-S5-VF.pdf
763,31-08-2025,27-08-2025,31-08-2025,Gabriel Boric,TuInfluyes.com,DataInfluye,32,49,19,1520,,,,,online,Agosto 2025,0,https://www.paneltuinfluyes.com/e/agosto-2025?
764,04-09-2025,02-09-2025,04-09-2025,Gabriel Boric,Criteria,Agenda Criteria,32,59,9,1002,,,,,online,Septiembre 2025 M1,0,https://www.criteria.cl/descargas/Agenda_Criteria_Septiembre_2025_M1.pdf
765,05-09-2025,03-09-2025,05-09-2025,Gabriel Boric,Cadem,Plaza Pública,32,63,5,703,,,,,online,608,0,https://insight-chile.cl/storage/2025/09/Track-PP-608-Septiembre-S1-VF.pdf
766,11-09-2025,11-09-2025,11-09-2025,Gabriel Boric,Criteria,Agenda Criteria,31,60,9,1004,,,,,online,Septiembre 2025 M2,0,https://www.criteria.cl/descargas/Agenda_Criteria_Septiembre_2025_M2.pdf
767,12-09-2025,17-09-2025,12-09-2025,Gabriel Boric,Cadem,Plaza Pública,31,61,8,703,,,,,online,609,0,https://insight-chile.cl/storage/2025/09/Track-PP-609-Septiembre-S2-VF.pdf
768,17-09-2025,17-09-2025,17-09-2025,Gabriel Boric,Cadem,Plaza Pública,31,61,8,701,,,,,online,610,0,https://insight-chile.cl/storage/2025/09/Track-PP-610-Septiembre-S3-VF.pdf
769,17-09-2025,15-09-2025,17-09-2025,Gabriel Boric,Criteria,Agenda Criteria,32,57,11,1006,,,,,online,Septiembre 2025 M3,0,https://www.criteria.cl/descargas/Agenda_Criteria_Septiembre_2025_M3.pdf
770,25-09-2025,23-09-2025,25-09-2025,Gabriel Boric,Criteria,Agenda Criteria,31,60,9,1004,,,,,online,Septiembre 2025 M4,0,https://www.criteria.cl/descargas/Agenda_Criteria_Septiembre_2025_M4.pdf
771,26-09-2025,24-09-2025,26-09-2025,Gabriel Boric,Cadem,Plaza Pública,34,60,6,707,,,,,online,611,0,https://insight-chile.cl/storage/2025/09/Track-PP-611-Septiembre-S4-VF.pdf
772,26-09-2025,22-09-2025,26-09-2025,Gabriel Boric,TuInfluyes.com,DataInfluye,34,50,16,1376,,,,,online,Septiembre 2025,0,https://www.paneltuinfluyes.com/e/septiembre-2025?
773,01-10-2025,30-09-2025,01-10-2025,Gabriel Boric,Black & White,B&W,32,62,6,1022,,,,,online,Citado en Emol (01-10-2025),0,https://www.emol.com/noticias/Nacional/2025/10/03/1179357/pulso-presidencial-encuesta-jara-kast.html
774,02-10-2025,30-09-2025,02-10-2025,Gabriel Boric,Criteria,Agenda Criteria,34,58,8,1003,,,,,online,Octubre 2025 M1,0,https://www.criteria.cl/descargas/Agenda_Criteria_Octubre_2025_M1.pdf
775,03-10-2025,01-10-2025,03-10-2025,Gabriel Boric,Cadem,Plaza Pública,33,63,4,1005,,,,,online,612,0,https://insight-chile.cl/storage/2025/10/Track-PP-612-Octubre-S1-VF.pdf
776,08-10-2025,07-10-2025,08-10-2025,Gabriel Boric,Black & White,B&W,33,59,8,1489,,,,,online,Citado en Emol (08-10-2025),0,https://www.emol.com/noticias/Nacional/2025/10/10/1179999/pulso-presidencial-jara-kast-matthei.html
777,09-10-2025,07-10-2025,09-10-2025,Gabriel Boric,Criteria,Agenda Criteria,30,60,10,1002,,,,,online,Octubre 2025 M2,0,https://www.criteria.cl/descargas/Agenda_Criteria_Octubre_2025_M2.pdf
778,10-10-2025,08-10-2025,10-10-2025,Gabriel Boric,Cadem,Plaza Pública,36,61,3,1006,,,,,online,613,0,https://insight-chile.cl/storage/2025/10/Track-PP-613-Octubre-S2-VF.pdf
779,15-10-2025,14-10-2025,15-10-2025,Gabriel Boric,Black & White,B&W,32,61,7,1337,,,,,online,Citado en Emol (15-10-2025),0,https://www.emol.com/noticias/Nacional/2025/10/17/1180636/black-white-pulso-presidencial-octubre.html
780,17-10-2025,15-10-2025,17-10-2025,Gabriel Boric,Activa Research,Pulso Ciudadano,29.4,57.8,12.8,1226,,,,,online,Octubre 2025 Q1,0,https://chile.activasite.com/wp-content/uploads/2025/10/252283_PULSO_CIUDADANO_OCTUBRE_Q1_1019_v3-MEDIOS-_compressed_compressed-1_compressed.pdf
781,17-10-2025,22-09-2025,17-10-2025,Gabriel Boric,CEP,Encuesta CEP,28,62,10,1217,,,,,presencial,Citado en static.cepchile.cl (17-10-2025),0,https://static.cepchile.cl/uploads/cepchile/2025/10/27-154418_uip4_ppt95_conferencia_OP_con-anexo_VF.pdf
782,17-10-2025,15-10-2025,17-10-2025,Gabriel Boric,Cadem,Plaza Pública,31,64,5,1239,,,,,online,614,0,https://insight-chile.cl/storage/2025/10/Track-PP-614-Octubre-S3-VF.pdf
783,17-10-2025,14-10-2025,17-10-2025,Gabriel Boric,Criteria,Agenda Criteria,31,60,9,1015,,,,,online,Octubre 2025 M3,0,https://www.criteria.cl/descargas/Agenda_Criteria_Octubre_2025_M3.pdf
784,22-10-2025,21-10-2025,22-10-2025,Gabriel Boric,Black & White,B&W,30,65,5,1081,,,,,online,Citado en Emol (22-10-2025),0,https://www.emol.com/noticias/Nacional/2025/10/24/1181281/black-white-pulso-presidencial-candidatos.html
785,23-10-2025,21-10-2025,23-10-2025,Gabriel Boric,Criteria,Agenda Criteria,32,59,9,1201,,,,,online,Octubre 2025 M4,0,https://www.criteria.cl/descargas/Agenda_Criteria_Octubre_2025_M4.pdf
786,24-10-2025,22-10-2025,24-10-2025,Gabriel Boric,Cadem,Plaza Pública,34,61,5,1225,,,,,online,615,0,https://insight-chile.cl/storage/2025/10/Track-PP-615-Octubre-S4-VF.pdf
787,29-10-2025,28-10-2025,29-10-2025,Gabriel Boric,Black & White,B&W,31,62,7,1289,,,,,online,Citado en Emol (29-10-2025),0,https://www.emol.com/noticias/Nacional/2025/10/31/1181943/encuesta-black-white-veda-jara.html
788,29-10-2025,27-10-2025,29-10-2025,Gabriel Boric,Criteria,Agenda Criteria,32,61,7,1200,,,,,online,30 de Octubre 2025,0,https://www.criteria.cl/descargas/Agenda_Criteria_30_Octubre_2025.pdf
789,29-10-2025,23-10-2025,29-10-2025,Gabriel Boric,TuInfluyes.com,DataInfluye,34,49,17,1536,,,,,online,Octubre 2025,0,https://www.paneltuinfluyes.com/e/octubre-2025?
790,30-10-2025,29-10-2025,30-10-2025,Gabriel Boric,Cadem,Plaza Pública,33,62,5,1265,,,,,online,616,0,https://insight-chile.cl/storage/2025/11/Track-PP-616-Octubre-S5-VF.pdf
791,06-11-2025,04-11-2025,06-11-2025,Gabriel Boric,Criteria,Agenda Criteria,29,62,9,—,,,,,online,,1,
792,07-11-2025,05-11-2025,07-11-2025,Gabriel Boric,Cadem,Plaza Pública,33,63,4,1231,,,,,online,617,0,https://insight-chile.cl/storage/2025/11/Track-PP-617-Noviembre-S1-VF.pdf
793,13-11-2025,11-11-2025,13-11-2025,Gabriel Boric,Criteria,Agenda Criteria,30,61,9,—,,,,,online,,1,
794,14-11-2025,12-11-2025,14-11-2025,Gabriel Boric,Cadem,Plaza Pública,32,64,4,—,,,,,online,,1,
795,20-11-2025,18-11-2025,20-11-2025,Gabriel Boric,Black & White,B&W,30,61,9,5652,,,,,online,Citado en Emol (20-11-2025),0,https://www.emol.com/noticias/Nacional/2025/11/21/1183777/resultados-encuesta-bw.html
796,20-11-2025,19-11-2025,20-11-2025,Gabriel Boric,Criteria,Agenda Criteria,30,62,8,1202,,,,,online,23 de Noviembre 2025,0,https://www.criteria.cl/site/wp-content/uploads/2025/11/Agenda_Criteria_23_Noviembre_2025_iFwh5.pdf
797,21-11-2025,19-11-2025,21-11-2025,Gabriel Boric,Cadem,Plaza Pública,33,60,7,1491,,,,,online,619,0,https://insight-chile.cl/storage/2025/11/Track-PP-619-Noviembre-S3-VF.pdf
798,26-11-2025,24-11-2025,26-11-2025,Gabriel Boric,Criteria,Agenda Criteria,32,60,8,1002,,,,,online,27 de Noviembre 2025,0,https://www.criteria.cl/site/wp-content/uploads/2025/11/Agenda_Criteria_27_de_Noviembre_2025.pdf
799,27-11-2025,22-11-2025,27-11-2025,Gabriel Boric,TuInfluyes.com,DataInfluye,34,53,13,1163,,,,,online,Noviembre 2025,0,https://www.paneltuinfluyes.com/e/noviembre-2025?
800,28-11-2025,26-11-2025,28-11-2025,Gabriel Boric,Activa Research,Pulso Ciudadano,27.6,57.1,15.3,1226,,,,,online,Noviembre 2025,0,https://chile.activasite.com/wp-content/uploads/2025/12/251008_PULSO_CIUDADANO_NOVIEMBRE_1129_V1.pdf
801,28-11-2025,26-11-2025,28-11-2025,Gabriel Boric,Cadem,Plaza Pública,34,60,6,1522,,,,,online,620,0,https://insight-chile.cl/storage/2025/11/Track-PP-620-Noviembre-S4-VF.pdf
802,05-12-2025,03-12-2025,05-12-2025,Gabriel Boric,Cadem,Plaza Pública,37,57,6,1480,,,,,online,621,0,https://insight-chile.cl/storage/2025/12/Track-PP-621-Diciembre-S1-VF.pdf
803,11-12-2025,10-12-2025,11-12-2025,Gabriel Boric,Cadem,Plaza Pública,35,59,6,—,,,,,online,621,0,https://insight-chile.cl/storage/2025/12/Track-PP-621-Diciembre-S1-VF.pdf
804,19-12-2025,17-12-2025,19-12-2025,Gabriel Boric,Cadem,Plaza Pública,33,62,5,1487,,,,,online,623,0,https://insight-chile.cl/storage/2025/12/Track-PP-623-Diciembre-S3-VF.pdf
805,24-12-2025,23-12-2025,24-12-2025,Gabriel Boric,Cadem,Plaza Pública,35,59,6,707,,,,,online,624,0,https://insight-chile.cl/storage/2025/12/Track-PP-624-Diciembre-S4-VF.pdf
806,29-12-2025,22-12-2025,29-12-2025,Gabriel Boric,Activa Research,Pulso Ciudadano,29.8,57.4,12.8,1403,,,,,online,Diciembre 2025,0,https://chile.activasite.com/wp-content/uploads/2025/12/251009_PULSO_CIUDADANO_DICIEMBRE_25_1230_V4.pdf
807,29-12-2025,25-12-2025,29-12-2025,Gabriel Boric,TuInfluyes.com,DataInfluye,30,56,14,920,,,,,online,Diciembre 2025,0,https://www.paneltuinfluyes.com/e/diciembre-2025?
808,31-12-2025,31-12-2025,31-12-2025,Gabriel Boric,Cadem,Plaza Pública,36,57,7,703,,,,,online,625,0,https://insight-chile.cl/storage/2026/01/Track-PP-625-Diciembre-S5-VF.pdf
809,08-01-2026,06-01-2026,08-01-2026,Gabriel Boric,Criteria,Agenda Criteria,33,59,8,1002,,,,,online,11 de Enero 2026,0,https://www.criteria.cl/site/wp-content/uploads/2026/01/Agenda_Criteria_11_Enero_2026.pdf
810,09-01-2026,08-01-2026,09-01-2026,Gabriel Boric,Cadem,Plaza Pública,37,57,6,702,,,,,online,626,0,https://insight-chile.cl/storage/2026/01/Track-PP-626-Enero-S1_VF.pdf
811,16-01-2026,15-01-2026,16-01-2026,Gabriel Boric,Cadem,Plaza Pública,36,59,5,707,,,,,online,627,0,http://web.archive.org/web/20260217092408/https://cadem.cl/wp-content/uploads/2026/01/Track-PP-627-Enero-S2-VF.pdf
812,24-01-2026,21-01-2026,24-01-2026,Gabriel Boric,Cadem,Plaza Pública,34,59,7,703,,,,,online,628,0,https://insight-chile.cl/storage/2026/01/Track-PP-628-Enero-S3-VF.pdf
813,26-01-2026,22-01-2026,26-01-2026,Gabriel Boric,TuInfluyes.com,DataInfluye,37,54,9,802,,,,,online,Enero 2026,0,https://www.paneltuinfluyes.com/e/enero-2026?
814,29-01-2026,27-01-2026,29-01-2026,Gabriel Boric,Activa Research,Pulso Ciudadano,30.4,58.4,11.2,1054,,,,,online,Enero 2026,0,https://chile.activasite.com/wp-content/uploads/2026/02/260978_PULSO_CIUDADANO_ENERO_26_0131_V3.pdf
815,30-01-2026,28-01-2026,30-01-2026,Gabriel Boric,Cadem,Plaza Pública,37,56,7,702,,,,,online,629,0,https://insight-chile.cl/storage/2026/02/Track-PP-629-Enero-S4-VF.pdf
816,04-02-2026,02-02-2026,04-02-2026,Gabriel Boric,Criteria,Agenda Criteria,32,60,8,1000,,,,,online,6 de Febrero 2026,0,https://www.criteria.cl/site/wp-content/uploads/2026/02/Agenda_Criteria_6_Febrero_2026.pdf
817,06-02-2026,05-02-2026,06-02-2026,Gabriel Boric,Cadem,Plaza Pública,36,58,6,705,,,,,online,630,0,https://insight-chile.cl/storage/2026/02/Track-PP-630-Febrero-S1-VF.pdf
818,13-02-2026,12-02-2026,13-02-2026,Gabriel Boric,Cadem,Plaza Pública,33,59,8,710,,,,,online,631,0,https://insight-chile.cl/storage/2026/02/Track-PP-631-Febrero-S2-VF.pdf
819,20-02-2026,19-02-2026,20-02-2026,Gabriel Boric,Cadem,Plaza Pública,35,60,5,701,,,,,online,632,0,https://insight-chile.cl/storage/2026/02/Track-PP-632-Febrero-S3-VF.pdf
820,25-02-2026,24-02-2026,25-02-2026,Gabriel Boric,Criteria,Agenda Criteria,33,58,9,1008,,,,,online,1 de Marzo 2026,0,https://www.criteria.cl/site/wp-content/uploads/2026/03/Agenda_Criteria_1_Marzo_2026.pdf
821,27-02-2026,26-02-2026,27-02-2026,Gabriel Boric,Activa Research,Pulso Ciudadano,31.3,56.9,11.8,1003,,,,,online,Febrero 2026,0,https://chile.activasite.com/wp-content/uploads/2026/03/260979_PULSO-CIUDADANO_FEBRERO_26_0228_V2.pdf
822,27-02-2026,04-03-2026,27-02-2026,Gabriel Boric,Cadem,Plaza Pública,37,56,7,706,,,,,online,633,0,http://web.archive.org/web/20260315111546/https://cadem.cl/wp-content/uploads/2026/03/Track-PP-633-Febrero-S4-VF.pdf
823,02-03-2026,26-02-2026,02-03-2026,Gabriel Boric,TuInfluyes.com,DataInfluye,36.0,53.0,11.0,1015,,,,,online,Marzo 2026,0,https://www.paneltuinfluyes.com/e/marzo-2026?
824,04-03-2026,06-03-2026,04-03-2026,Gabriel Boric,Cadem,Plaza Pública,36.0,58.0,6.0,1000,,,,,online,634,0,https://insight-chile.cl/storage/2026/03/Track-PP-634-Marzo-S1-VF.pdf
825,04-03-2026,03-03-2026,04-03-2026,Gabriel Boric,Criteria,Agenda Criteria,34.0,58.0,8.0,814,,,,,online,8 de Marzo 2026,0,https://www.criteria.cl/site/wp-content/uploads/2026/03/Agenda_Criteria_8_Marzo_2026.pdf
826,06-03-2026,,06-03-2026,Gabriel Boric,Cadem,Plaza Pública,37.0,58.0,5.0,,,,,,online,Citado en BioBioChile (06-03-2026),0,https://www.biobiochile.cl/noticias/nacional/chile/2026/03/08/encuesta-cadem-boric-termina-su-gobierno-con-37-de-aprobacion-y-un-58-de-desaprobacion.shtml
827,12-03-2026,11-03-2026,12-03-2026,Gabriel Boric,Black & White,B&W,41,50,10,980,,,,,online,Cambio de Mando y Actualidad,0,https://www.blackwhite.global/_files/ugd/4e2a69_64782bb0265549328fada07142b569dd.pdf
828,15-03-2026,11-03-2026,13-03-2026,José Antonio Kast,Criteria,Agenda Criteria,46,30,24,804,,,,,online,15 de Marzo 2026,0,https://www.criteria.cl/site/wp-content/uploads/2026/03/Agenda_Criteria_15_Marzo_2026.pdf
829,15-03-2026,13-03-2026,13-03-2026,José Antonio Kast,Cadem,Plaza Pública,57,34,9,1000,,,,,online,637,0,https://insight-chile.cl/storage/2026/03/Track-PP-637-Marzo-S2-M2-VF.pdf
830,15-03-2026,12-03-2026,13-03-2026,José Antonio Kast,Activa Research,Pulso Ciudadano,47.5,26.3,26.2,1024,36.5,30.5,33,6,online,117 - Marzo Q1 2026,0,https://chile.activasite.com/wp-content/uploads/2026/03/261212_PULSO_CIUDADANO_MARZO-Q1_2026_0315_V1.pdf
831,16-03-2026,13-03-2026,13-03-2026,José Antonio Kast,Panel Ciudadano-UDD,Panel Ciudadano,59,18,23,1792,,,,,online,13 de Marzo 2026,0,https://panelciudadano.cl/wp-content/uploads/2026/03/PanelCiudadano_UDD_Primera-semana-JAK.pdf
832,17-03-2026,17-03-2026,17-03-2026,José Antonio Kast,Cadem,Plaza Pública,57,36,7,1017,,,,,online,638,0,https://insight-chile.cl/storage/2026/03/Track-PP-638-Marzo-S3-M1-VF.pdf
833,19-03-2026,17-03-2026,18-03-2026,José Antonio Kast,Black & White,B&W,44,44,12,1312,,,,,online,Primeras Medidas y Actualidad,0,https://static.emol.cl/emol50/documentos/archivos/2026/03/19/file_20260319164150.pdf
834,20-03-2026,20-03-2026,20-03-2026,José Antonio Kast,Cadem,Plaza Pública,51,42,7,1005,,,,,online,639,0,https://insight-chile.cl/storage/2026/03/Track-PP-639-Marzo-S3-M2-VF.pdf
835,22-03-2026,18-03-2026,20-03-2026,José Antonio Kast,Criteria,Agenda Criteria,50,37,13,804,,,,,online,22 de Marzo 2026,0,https://www.criteria.cl/site/wp-content/uploads/2026/03/Agenda_Criteria_22_Marzo_2026.pdf
836,24-03-2026,24-03-2026,24-03-2026,José Antonio Kast,Cadem,Plaza Pública,47,49,4,1025,,,,,online,640,0,https://insight-chile.cl/storage/2026/04/Track-PP-640-Abril-S4-M1-VF.pdf
837,25-03-2026,24-03-2026,24-03-2026,José Antonio Kast,Panel Ciudadano-UDD,Panel Ciudadano,42,48,10,1044,,,,,online,25 de Marzo 2026,0,https://panelciudadano.cl/wp-content/uploads/2026/03/PanelCiudadanoUDD_Onu-y-Alza-bencina.pdf
838,26-03-2026,20-03-2026,24-03-2026,José Antonio Kast,TuInfluyes.com,DataInfluye,41,43,16,1136,43,43,14,0,online,mar-26,0,https://www.paneltuinfluyes.com/e/marzo-2026?
839,26-03-2026,20-03-2026,24-03-2026,José Antonio Kast,AtlasIntel,Latam Pulse Chile,55.4,43.6,1,6852,,,,,online,mar-26,0,https://cdn.atlasintel.org/6bc42c11-f1eb-4671-ae14-5a7a6c951e14.pdf
840,26-03-2026,24-03-2026,24-03-2026,José Antonio Kast,Black & White,B&W,36,56,8,1058,,,,,online,MEPCO y Actualidad,0,https://static.emol.cl/emol50/documentos/archivos/2026/03/26/file_20260326131435.pdf
841,26-03-2026,26-03-2026,26-03-2026,José Antonio Kast,Cadem,Plaza Pública,43,51,6,1026,,,,,online,641,0,https://insight-chile.cl/storage/2026/03/Track-PP-641-Marzo-S4-M2-VF.pdf
842,29-03-2026,25-03-2026,26-03-2026,José Antonio Kast,Criteria,Agenda Criteria,43,47,10,800,,,,,online,29 de Marzo 2026,0,https://www.criteria.cl/site/wp-content/uploads/2026/03/Agenda_Criteria_29_Marzo_2026.pdf
843,27-03-2026,26-03-2026,27-03-2026,José Antonio Kast,Activa Research,Pulso Ciudadano,34.7,48.7,16.6,1012,29,53.6,17.4,-24.6,online,118 - Marzo Q2 2026,0,https://chile.activasite.com/wp-content/uploads/2026/03/260980_PULSO_CIUDADANO_MARZO-Q2_2026_0327_V2.pdf
844,01-04-2026,31-03-2026,31-03-2026,José Antonio Kast,Black & White,B&W,42,52,6,1026,,,,,online,Instalación del Gobierno y Actualidad,0,https://www.blackwhite.global/_files/ugd/4e2a69_044e905bbad94df884aa2b6b434f3d53.pdf
845,01-04-2026,01-04-2026,01-04-2026,José Antonio Kast,Cadem,Plaza Pública,44,52,4,1015,,,,,online,642,0,https://insight-chile.cl/storage/2026/04/Track-PP-642-Abril-S1-M1-VF.pdf
846,05-04-2026,31-03-2026,02-04-2026,José Antonio Kast,Criteria,Agenda Criteria,42,46,12,800,,,,,online,5 de Abril 2026,0,https://www.criteria.cl/site/wp-content/uploads/2026/04/Agenda_Criteria_5_Abril_2026_x7br4.pdf
847,03-04-2026,03-04-2026,03-04-2026,José Antonio Kast,Cadem,Plaza Pública,42,53,5,1000,,,,,online,643,0,https://insight-chile.cl/storage/2026/04/Track-PP-643-Abril-S1-M2-VF.pdf
848,08-04-2026,08-04-2026,08-04-2026,José Antonio Kast,Cadem,Plaza Pública,41,54,5,1003,,,,,online,644,0,https://insight-chile.cl/storage/2026/04/Track-PP-644-Abril-S2-M1-VF.pdf
849,09-04-2026,08-04-2026,08-04-2026,José Antonio Kast,Black & White,B&W,44,42,14,992,,,,,online,Violencia en Espacios Escolares y Actualidad,0,https://www.blackwhite.global/_files/ugd/4e2a69_931e05e568574066ae09649ffc5dd2d2.pdf
850,12-04-2026,08-04-2026,09-04-2026,José Antonio Kast,Criteria,Agenda Criteria,36,49,15,805,,,,,online,12 de Abril 2026,0,https://www.criteria.cl/site/wp-content/uploads/2026/04/Agenda_Criteria_12_Abril_2026_7h6fy.pdf
851,10-04-2026,10-04-2026,10-04-2026,José Antonio Kast,Cadem,Plaza Pública,42,53,5,1004,,,,,online,645,0,https://insight-chile.cl/storage/2026/04/Track-PP-645-Abril-S2-M2-VF.pdf
852,15-04-2026,14-04-2026,14-04-2026,José Antonio Kast,Black & White,B&W,34,55,11,1046,,,,,online,Política Internacional y Actualidad,0,https://www.blackwhite.global/_files/ugd/4e2a69_a68eecb6cde64dc6ac6e809e371f9ef2.pdf
853,16-04-2026,16-04-2026,16-04-2026,José Antonio Kast,Cadem,Plaza Pública,40,53,7,1005,,,,,online,646,0,https://insight-chile.cl/storage/2026/04/Track-PP-646-Abril-S3.pdf
854,18-04-2026,15-04-2026,16-04-2026,José Antonio Kast,Panel Ciudadano-UDD,Panel Ciudadano,39,51,10,1030,,,,,online,18 de Abril 2026,0,https://panelciudadano.cl/wp-content/uploads/2026/04/PanelCiudadanoUDD_LeyReconstruccionNacional.pdf
855,19-04-2026,15-04-2026,16-04-2026,José Antonio Kast,Criteria,Agenda Criteria,37,49,14,820,,,,,online,19 de Abril 2026,0,https://www.criteria.cl/site/wp-content/uploads/2026/04/Agenda_Criteria_19_Abril_2026_3fTdf.pdf
856,17-04-2026,17-04-2026,17-04-2026,José Antonio Kast,Cadem,Plaza Pública,43,51,6,1000,,,,,online,647,0,https://insight-chile.cl/storage/2026/04/Track-PP-647-Abril-S3-M2-VF.pdf
857,19-04-2026,15-04-2026,17-04-2026,José Antonio Kast,Activa Research,Pulso Ciudadano,33.3,53.3,13.4,1141,27,59.5,13.5,-32.5,online,119 - Abril Q1 2026,0,https://chile.activasite.com/wp-content/uploads/2026/04/261439_PULSO_CIUDADANO_ABRIL_Q1_2026_0419_V2.pdf
858,22-04-2026,16-04-2026,20-04-2026,José Antonio Kast,TuInfluyes.com,DataInfluye,33,47,20,1120,32,47,21,-15,online,abr-26,0,https://www.paneltuinfluyes.com/e/abril-2026?
859,23-04-2026,22-04-2026,22-04-2026,José Antonio Kast,Black & White,B&W,40,50,10,1024,,,,,online,Plan de Reconstrucción Nacional y Actualidad,0,https://static.emol.cl/emol50/documentos/archivos/2026/04/23/file_20260423164706.pdf
860,23-04-2026,23-04-2026,23-04-2026,José Antonio Kast,Cadem,Plaza Pública,42,50,8,1002,,,,,online,648,0,https://insight-chile.cl/storage/2026/04/Track-PP-648-Abril-S4-M1-VF.pdf
861,26-04-2026,22-04-2026,23-04-2026,José Antonio Kast,Criteria,Agenda Criteria,38,49,13,825,,,,,online,26 de Abril 2026,0,https://www.criteria.cl/site/wp-content/uploads/2026/04/Agenda_Criteria_26_Abril_2026_4eFsq.pdf
862,24-04-2026,24-04-2026,24-04-2026,José Antonio Kast,Cadem,Plaza Pública,41,53,6,1010,,,,,online,649,0,https://insight-chile.cl/storage/2026/04/Track-PP-649-Abril-S4-M2-VF.pdf
863,03-08-2026,26-04-2026,26-04-2026,José Antonio Kast,Panel Ciudadano-UDD,Panel Ciudadano,38,52,,,,,,,online,Los que dejaron de aprobar - Cap 2,0,https://panelciudadano.cl/wp-content/uploads/2026/08/PanelCiudadano_Los-que-dejaron-de-aprobar_-Cap2_Julio.pdf
864,28-04-2026,28-04-2026,28-04-2026,José Antonio Kast,Cadem,Plaza Pública,40,57,3,1012,,,,,online,650,0,https://insight-chile.cl/storage/2026/04/Track-PP-650-Abril-S5-M1-VF.pdf
865,28-04-2026,28-04-2026,28-04-2026,José Antonio Kast,Black & White,B&W,37,52,10,977,,,,,online,Conmemoraciones de Mayo y Actualidad,0,https://www.blackwhite.global/_files/ugd/4e2a69_5e413141199e458c9c1d38f0e3ee0852.pdf
866,30-04-2026,24-04-2026,28-04-2026,José Antonio Kast,AtlasIntel,Latam Pulse Chile,53.0,45.9,1.1,4029,,,,,online,abr-26,0,https://cdn.atlasintel.org/8efc931b-3330-4b44-b01d-5a36bf8c83ba.pdf
867,03-05-2026,29-04-2026,29-04-2026,José Antonio Kast,Criteria,Agenda Criteria,38,51,11,800,,,,,online,3 de Mayo 2026,0,https://www.criteria.cl/site/wp-content/uploads/2026/05/Agenda_Criteria_3_Mayo_2026_5fGqV.pdf
868,03-05-2026,29-04-2026,30-04-2026,José Antonio Kast,Activa Research,Pulso Ciudadano,29.1,55.6,15.3,1009,,,,,online,120 - Abril Q2 2026,0,https://chile.activasite.com/wp-content/uploads/2026/05/260981_PULSO_CIUDADANO_ABRIL_Q2_2026_0430_V1.pdf
869,01-05-2026,01-05-2026,01-05-2026,José Antonio Kast,Cadem,Plaza Pública,39,57,4,1004,,,,,online,651,0,https://insight-chile.cl/storage/2026/05/Track-PP-651-Mayo-S1-M1-VF.pdf
870,07-05-2026,06-05-2026,06-05-2026,José Antonio Kast,Cadem,Plaza Pública,38,56,6,1003,,,,,online,652,0,https://insight-chile.cl/storage/2026/05/Track-PP-652-Mayo-S2-M1.pdf
871,08-05-2026,05-05-2026,06-05-2026,José Antonio Kast,Black & White,B&W,33,53,14,961,,,,,online,Mundial FIFA 2026 y Actualidad,0,https://www.blackwhite.global/_files/ugd/4e2a69_dbc5ef0fc8774caebe895ac0b7e07105.pdf
872,10-05-2026,07-05-2026,07-05-2026,José Antonio Kast,Criteria,Agenda Criteria,36,51,13,1000,,,,,online,10 de Mayo 2026,0,https://www.criteria.cl/site/wp-content/uploads/2026/05/Agenda_Criteria_10_Mayo_2026_6HvRc.pdf
873,08-05-2026,08-05-2026,08-05-2026,José Antonio Kast,Cadem,Plaza Pública,42,53,5,1004,,,,,online,653,0,https://insight-chile.cl/storage/2026/05/Track-PP-653-Mayo-S2-M2-VF.pdf
874,13-05-2026,13-05-2026,13-05-2026,José Antonio Kast,Cadem,Plaza Pública,40,55,5,1153,,,,,online,654,0,https://insight-chile.cl/storage/2026/05/Track-PP-654-Mayo-S3-M1-VF.pdf
875,13-05-2026,12-05-2026,13-05-2026,José Antonio Kast,Black & White,B&W,34,55,11,1046,,,,,online,Evaluación Oposición y Actualidad,0,https://www.blackwhite.global/_files/ugd/4e2a69_f50858a9e0df48689cc16505bffcf70b.pdf
876,17-05-2026,14-05-2026,14-05-2026,José Antonio Kast,Criteria,Agenda Criteria,38,53,9,1002,,,,,online,17 de Mayo 2026,0,https://www.criteria.cl/site/wp-content/uploads/2026/05/Agenda_Criteria_17_Mayo_2026_5M3vh.pdf
877,15-05-2026,15-05-2026,15-05-2026,José Antonio Kast,Cadem,Plaza Pública,36,58,6,1007,,,,,online,655,0,https://insight-chile.cl/storage/2026/05/Track-PP-655-Mayo-S3-M2-VF.pdf
878,17-05-2026,13-05-2026,15-05-2026,José Antonio Kast,Activa Research,Pulso Ciudadano,31.2,54.4,14.4,1034,,,,,online,121 - Mayo Q1 2026,0,https://chile.activasite.com/wp-content/uploads/2026/05/261571_PULSO_CIUDADANO_MAYO_Q1_0515_V2.pdf
879,17-05-2026,13-05-2026,17-05-2026,José Antonio Kast,TuInfluyes.com,DataInfluye,26,54,20,1146,,,,,online,may-26,0,https://www.paneltuinfluyes.com/e/mayo-2026?
880,20-05-2026,19-05-2026,20-05-2026,José Antonio Kast,Black & White,B&W,32,54,13,1064,,,,,online,Temas Prioritarios y Actualidad,0,https://www.blackwhite.global/_files/ugd/4e2a69_7a36a2e8659f4c2f8ab72588243b95c2.pdf
881,20-05-2026,20-05-2026,20-05-2026,José Antonio Kast,Cadem,Plaza Pública,40,56,4,1006,,,,,online,656,0,https://insight-chile.cl/storage/2026/05/Track-PP-656-Mayo-S4-M1-VF.pdf
882,20-05-2026,20-05-2026,20-05-2026,José Antonio Kast,Panel Ciudadano-UDD,Panel Ciudadano,35,53,12,1024,,,,,online,20 de Mayo 2026,0,https://panelciudadano.cl/wp-content/uploads/2026/05/PanelCiudadanoUDD_Cambio-gabinete-20mayo_2.pdf
883,24-05-2026,21-05-2026,21-05-2026,José Antonio Kast,Criteria,Agenda Criteria,37,49,14,1002,,,,,online,24 de Mayo 2026,0,https://www.criteria.cl/site/wp-content/uploads/2026/05/Agenda_Criteria_24_Mayo_2026_5M4bN.pdf
884,22-05-2026,22-05-2026,22-05-2026,José Antonio Kast,Cadem,Plaza Pública,41,55,4,1013,,,,,online,657,0,https://insight-chile.cl/storage/2026/05/Track-PP-657-Mayo-S4-M2-VF.pdf
885,28-05-2026,21-05-2026,25-05-2026,José Antonio Kast,AtlasIntel,Latam Pulse Chile,49.1,49.9,0.9,3234,,,,,online,may-26,0,https://cdn.atlasintel.org/ac61b59f-245b-49a8-9dce-c94ebdbfbb87.pdf
886,27-05-2026,26-05-2026,27-05-2026,José Antonio Kast,Black & White,B&W,26,56,18,974,,,,,online,Ministerio de Seguridad y Actualidad,0,https://www.blackwhite.global/_files/ugd/4e2a69_34a1558a23784ab0bda21b018168e365.pdf
887,27-05-2026,27-05-2026,27-05-2026,José Antonio Kast,Cadem,Plaza Pública,39,56,5,1002,,,,,online,658,0,https://insight-chile.cl/storage/2026/05/Track-PP-658-Mayo-S5-M1-VF.pdf
888,27-05-2026,18-04-2026,27-05-2026,José Antonio Kast,CEP,Encuesta CEP,34,52,14,1469,,,,,offline,Encuesta CEP 96,0,https://static.cepchile.cl/uploads/cepchile/2026/06/10-141614_atf6_Encuesta-CEP-96_con-anexos.pdf
889,31-05-2026,28-05-2026,28-05-2026,José Antonio Kast,Criteria,Agenda Criteria,36,53,11,802,,,,,online,31 de Mayo 2026,0,https://www.criteria.cl/site/wp-content/uploads/2026/05/Agenda_Criteria_31_Mayo_2026_5M5eP.pdf
890,29-05-2026,29-05-2026,29-05-2026,José Antonio Kast,Cadem,Plaza Pública,38,58,4,1001,,,,,online,659,0,https://insight-chile.cl/storage/2026/05/Track-PP-659-Mayo-S5-M2-VF.pdf
891,29-05-2026,27-05-2026,29-05-2026,José Antonio Kast,Activa Research,Pulso Ciudadano,31.0,53.3,15.7,1082,,,,,online,122 - Mayo Q2 2026,0,https://chile.activasite.com/wp-content/uploads/2026/06/260982_PULSO_CIUDADANO_MAYO_Q2_0531_V2.pdf
892,02-06-2026,02-06-2026,02-06-2026,José Antonio Kast,Cadem,Plaza Pública,41,55,4,1000,,,,,online,660,0,https://insight-chile.cl/storage/2026/06/Track-PP-660-Junio-S1-M1-VF.pdf
893,03-06-2026,02-06-2026,03-06-2026,José Antonio Kast,Black & White,B&W,32,54,14,1147,,,,,online,Primera Cuenta Pública y Actualidad,0,https://www.blackwhite.global/_files/ugd/4e2a69_f0df9a7003b94cb582411130fcee8ea6.pdf
894,04-06-2026,04-06-2026,04-06-2026,José Antonio Kast,Cadem,Plaza Pública,43,50,7,1090,,,,,online,661,0,https://insight-chile.cl/storage/2026/06/Track-PP-661-Junio-S1-M2-VF.pdf
895,07-06-2026,04-06-2026,04-06-2026,José Antonio Kast,Criteria,Agenda Criteria,40,47,13,802,,,,,online,07 de Junio 2026,0,https://www.criteria.cl/site/wp-content/uploads/2026/06/Agenda_Criteria_07_Junio_2026_6K9vC.pdf
896,10-06-2026,10-06-2026,10-06-2026,José Antonio Kast,Cadem,Plaza Pública,41,53,6,1008,,,,,online,662,0,https://insight-chile.cl/storage/2026/06/Track-PP-662-Junio-S2-M1-VF.pdf
897,10-06-2026,10-06-2026,10-06-2026,José Antonio Kast,Black & White,B&W,32,58,10,965,,,,,online,Levantamiento del Secreto Bancario y Actualidad,0,https://www.blackwhite.global/_files/ugd/4e2a69_6b564bdd30e242b3a2d9286d76d43a38.pdf
898,14-06-2026,11-06-2026,11-06-2026,José Antonio Kast,Criteria,Agenda Criteria,39,52,9,802,,,,,online,14 de Junio 2026,0,https://www.criteria.cl/site/wp-content/uploads/2026/06/Agenda_Criteria_14_Junio_2026_6LVnZ.pdf
899,12-06-2026,10-06-2026,12-06-2026,José Antonio Kast,Activa Research,Pulso Ciudadano,30.5,56.7,12.8,1036,,,,,online,123 - Junio Q1 2026,0,https://chile.activasite.com/wp-content/uploads/2026/06/261666_PULSO_CIUDADANO_JUNIO_Q1_0614_V1.pdf
900,12-06-2026,12-06-2026,12-06-2026,José Antonio Kast,Cadem,Plaza Pública,40,54,6,1005,,,,,online,663,0,https://insight-chile.cl/storage/2026/06/Track-PP-663-Junio-S2-M2-VF.pdf
901,17-06-2026,16-06-2026,16-06-2026,José Antonio Kast,Black & White,B&W,33,52,15,965,,,,,online,Sala Cuna Uso de RRSS entre Menores y Actualidad,0,https://www.blackwhite.global/_files/ugd/4e2a69_a31a1936c69b41148f2e01fdb5243d73.pdf
902,18-06-2026,18-06-2026,18-06-2026,José Antonio Kast,Cadem,Plaza Pública,44,52,4,1004,,,,,online,664,0,https://insight-chile.cl/storage/2026/06/Track-PP-664-Junio-S3-M1-VF.pdf
903,21-06-2026,18-06-2026,18-06-2026,José Antonio Kast,Criteria,Agenda Criteria,39,51,10,802,,,,,online,21 de Junio 2026,0,https://www.criteria.cl/site/wp-content/uploads/2026/06/Agenda_Criteria_21_Junio_2026_6Mb3r.pdf
904,19-06-2026,19-06-2026,19-06-2026,José Antonio Kast,Cadem,Plaza Pública,44,53,3,1006,,,,,online,665,0,https://insight-chile.cl/storage/2026/06/Track-PP-665-Junio-S3-M2-VF.pdf
905,03-08-2026,20-06-2026,20-06-2026,José Antonio Kast,Panel Ciudadano-UDD,Panel Ciudadano,37,53,,,,,,,online,Los que dejaron de aprobar - Cap 2,0,https://panelciudadano.cl/wp-content/uploads/2026/08/PanelCiudadano_Los-que-dejaron-de-aprobar_-Cap2_Julio.pdf
906,22-06-2026,18-06-2026,22-06-2026,José Antonio Kast,TuInfluyes.com,DataInfluye,30,58,12,1026,,,,,online,jun-26,0,https://www.paneltuinfluyes.com/e/junio-2026?
907,24-06-2026,24-06-2026,24-06-2026,José Antonio Kast,Cadem,Plaza Pública,41,55,4,1000,,,,,online,666,0,https://insight-chile.cl/storage/2026/06/Track-PP-666-Junio-S4-M1-VF.pdf
908,25-06-2026,23-06-2026,24-06-2026,José Antonio Kast,Black & White,B&W,30,54,16,991,,,,,online,Despliegue de FFAA en Municipios y Actualidad,0,https://www.blackwhite.global/_files/ugd/4e2a69_78e342018ba14d0bb5d4a44a596ee2a9.pdf
909,28-06-2026,25-06-2026,25-06-2026,José Antonio Kast,Criteria,Agenda Criteria,39,51,10,802,,,,,online,28 de Junio 2026,0,https://www.criteria.cl/site/wp-content/uploads/2026/06/Agenda_Criteria_28_Junio_2026_6Lg4h.pdf
910,26-06-2026,26-06-2026,26-06-2026,José Antonio Kast,Cadem,Plaza Pública,41,53,6,1001,,,,,online,667,0,https://insight-chile.cl/storage/2026/06/Track-PP-667-Junio-S4-M2-VF.pdf
911,26-06-2026,24-06-2026,26-06-2026,José Antonio Kast,Activa Research,Pulso Ciudadano,30.1,56.9,13,1011,23.6,59.1,17.2,,online,124 - Junio Q2 2026,0,https://chile.activasite.com/wp-content/uploads/2026/06/260983_PULSO_CIUDADANO_JUNIO_Q2_2026_V1.pdf
912,03-07-2026,26-06-2026,30-06-2026,José Antonio Kast,AtlasIntel,Latam Pulse Chile,54.3,45.1,0.6,2872,,,,,online,jun-26,0,https://cdn.atlasintel.org/267c53ab-c315-45b1-9ddb-b853f553ba78.pdf
913,01-07-2026,01-07-2026,01-07-2026,José Antonio Kast,Cadem,Plaza Pública,38,58,4,1009,,,,,online,668,0,https://insight-chile.cl/storage/2026/07/Track-PP-668-Julio-S1-M1-VF.pdf
914,05-07-2026,02-07-2026,02-07-2026,José Antonio Kast,Criteria,Agenda Criteria,35,53,12,900,,,,,online,5 de Julio 2026,0,https://www.criteria.cl/site/wp-content/uploads/2026/07/Agenda_Criteria_5_Julio_2026_7by3L.pdf
915,03-07-2026,03-07-2026,03-07-2026,José Antonio Kast,Cadem,Plaza Pública,37,60,3,1002,,,,,online,669,0,https://insight-chile.cl/storage/2026/07/Track-PP-669-Julio-S1-M2-VF.pdf
916,08-07-2026,08-07-2026,08-07-2026,José Antonio Kast,Cadem,Plaza Pública,38,59,3,1001,,,,,online,670,0,https://insight-chile.cl/storage/2026/07/Track-PP-670-Julio-S2-M1-VF.pdf
917,10-07-2026,07-07-2026,08-07-2026,José Antonio Kast,Black & White,B&W,28,57,15,1078,,,,,online,Situación de Seguridad y Actualidad,0,https://static.emol.cl/emol50/documentos/archivos/2026/07/09/file_20260709130134.pdf
918,12-07-2026,09-07-2026,09-07-2026,José Antonio Kast,Criteria,Agenda Criteria,32,55,13,801,,,,,online,12 de Julio 2026,0,https://www.criteria.cl/site/wp-content/uploads/2026/07/Agenda_Criteria_12_Julio_2026_7cF8h.pdf
919,10-07-2026,10-07-2026,10-07-2026,José Antonio Kast,Cadem,Plaza Pública,38,58,4,1000,,,,,online,671,0,https://insight-chile.cl/storage/2026/07/Track-PP-671-Julio-S2-M2-VF.pdf
920,14-07-2026,13-07-2026,13-07-2026,José Antonio Kast,Black & White,B&W,29,56,15,967,,,,,online,Mundial FIFA 2026 y Actualidad,0,https://www.blackwhite.global/_files/ugd/4e2a69_908810d67f59422993731568afcfec33.pdf
921,14-07-2026,14-07-2026,14-07-2026,José Antonio Kast,Cadem,Plaza Pública,36,59,5,1003,,,,,online,672,0,https://insight-chile.cl/storage/2026/07/Track-PP-672-Julio-S3-M1-VF-1.pdf
922,19-07-2026,16-07-2026,16-07-2026,José Antonio Kast,Criteria,Agenda Criteria,37,52,11,802,,,,,online,19 de Julio 2026,0,https://www.criteria.cl/site/wp-content/uploads/2026/07/Agenda_Criteria_19_Julio_2026_7dGbR.pdf
923,17-07-2026,17-07-2026,17-07-2026,José Antonio Kast,Cadem,Plaza Pública,39,56,5,1002,,,,,online,673,0,https://insight-chile.cl/storage/2026/07/Track-PP-673-Julio-S3-M2-VF.pdf
924,17-07-2026,15-07-2026,17-07-2026,José Antonio Kast,Activa Research,Pulso Ciudadano,28.9,56.6,14.4,1009,,,,,online,125 - Julio Q1 2026,0,https://chile.activasite.com/wp-content/uploads/2026/07/261794_PULSO_CIUDADANO_JULIO_Q1_2026_0719_v3.pdf
925,03-08-2026,18-07-2026,18-07-2026,José Antonio Kast,Panel Ciudadano-UDD,Panel Ciudadano,34,56,,,,,,,online,Los que dejaron de aprobar - Cap 2,0,https://panelciudadano.cl/wp-content/uploads/2026/08/PanelCiudadano_Los-que-dejaron-de-aprobar_-Cap2_Julio.pdf
926,21-07-2026,21-07-2026,21-07-2026,José Antonio Kast,Cadem,Plaza Pública,39,58,3,1005,,,,,online,674,0,https://insight-chile.cl/storage/2026/07/Track-PP-674-Julio-S4-M1-VF.pdf
927,23-07-2026,22-07-2026,22-07-2026,José Antonio Kast,Black & White,B&W,33,54,13,1034,,,,,online,"Sistema Frontal, Proyecto de Reconstrucción y Actualidad",0,https://www.blackwhite.global/_files/ugd/4e2a69_7d7cd04f143e47b986d8bb5b0cb792d1.pdf
928,26-07-2026,23-07-2026,23-07-2026,José Antonio Kast,Criteria,Agenda Criteria,36,54,10,802,,,,,online,26 de Julio 2026,0,https://www.criteria.cl/site/wp-content/uploads/2026/07/Agenda_Criteria_26_Julio_2026_7eHcP.pdf
929,24-07-2026,24-07-2026,24-07-2026,José Antonio Kast,Cadem,Plaza Pública,37,59,4,1004,,,,,online,675,0,https://insight-chile.cl/storage/2026/07/Track-PP-675-Julio-S4-M2-VF.pdf
930,27-07-2026,23-07-2026,27-07-2026,José Antonio Kast,TuInfluyes.com,DataInfluye,29,56,15,1002,,,,,online,jul-26,0,https://www.paneltuinfluyes.com/e/julio-2026?
931,28-07-2026,28-07-2026,28-07-2026,José Antonio Kast,Cadem,Plaza Pública,36,58,6,1010,,,,,online,676,0,https://insight-chile.cl/storage/2026/07/Track-PP-676-Julio-S5-M1-VF.pdf
932,29-07-2026,28-07-2026,29-07-2026,José Antonio Kast,Black & White,B&W,36,52,12,950,,,,,online,Percepción sobre ONGs y Actualidad,0,https://www.blackwhite.global/_files/ugd/4e2a69_c7655ac43e274a829b008e92254b6286.pdf
933,30-07-2026,30-07-2026,30-07-2026,José Antonio Kast,Criteria,Agenda Criteria,34,55,11,825,,,,,online,02 de Agosto 2026,0,https://www.criteria.cl/site/wp-content/uploads/2026/08/Agenda_Criteria_2_Agosto_2026_8cLMx.pdf
934,31-07-2026,31-07-2026,31-07-2026,José Antonio Kast,Cadem,Plaza Pública,36,60,4,1003,,,,,online,677,0,https://insight-chile.cl/storage/2026/08/Track-PP-677-Julio-S5-M2-VF.pdf
935,31-07-2026,29-07-2026,31-07-2026,José Antonio Kast,Activa Research,Pulso Ciudadano,25.6,58.9,15.5,1046,,,,,online,126 - Julio Q2 2026,0,https://chile.activasite.com/wp-content/uploads/2026/08/260984_PULSO_CIUDADANO_JULIO_Q2_2026_0731_V2.pdf
936,06-08-2026,30-07-2026,03-08-2026,José Antonio Kast,AtlasIntel,Latam Pulse Chile,50.2,48.2,1.6,1801,,,,,online,jul-26,0,https://cdn.atlasintel.org/f62eb000-c5f0-4779-ba44-984d41b6335a.pdf
937,04-08-2026,04-08-2026,04-08-2026,José Antonio Kast,Cadem,Plaza Pública,38,56,6,1007,,,,,online,678,0,https://insight-chile.cl/storage/2026/08/Track-PP-678-Agosto-S1-M1-VF.pdf
938,06-08-2026,06-08-2026,06-08-2026,José Antonio Kast,Criteria,Agenda Criteria,35,52,13,802,,,,,online,9 de Agosto 2026,0,https://www.criteria.cl/site/wp-content/uploads/2026/08/Agenda_Criteria_9_Agosto_2026_8eFvS.pdf
939,06-08-2026,05-08-2026,06-08-2026,José Antonio Kast,Black & White,B&W,30,55,15,982,,,,,online,Test de Drogas y Actualidad,0,https://www.blackwhite.global/_files/ugd/4e2a69_3b1751e3b9d0468095f3d39d50c19553.pdf
940,07-08-2026,07-08-2026,07-08-2026,José Antonio Kast,Cadem,Plaza Pública,40,56,4,1000,,,,,online,679,0,https://insight-chile.cl/storage/2026/08/Track-PP-679-Agosto-S1-M2-VF.pdf
941,11-08-2026,11-08-2026,11-08-2026,José Antonio Kast,Cadem,Plaza Pública,39,57,4,1002,,,,,online,680,0,https://insight-chile.cl/storage/2026/08/Track-PP-680-Agosto-S2-M1-VF.pdf
942,13-08-2026,12-08-2026,12-08-2026,José Antonio Kast,Black & White,B&W,33,56,10,975,,,,,online,Medidas de Seguridad y Actualidad,0,https://www.blackwhite.global/_files/ugd/4e2a69_0a9bc421d63b4fe894d9a3515812f39c.pdf
943,13-08-2026,13-08-2026,13-08-2026,José Antonio Kast,Criteria,Agenda Criteria,35,55,10,802,,,,,online,16 de Agosto 2026,0,https://www.criteria.cl/site/wp-content/uploads/2026/08/Agenda_Criteria_16_Agosto_2026_8fMPz.pdf
944,14-08-2026,14-08-2026,14-08-2026,José Antonio Kast,Cadem,Plaza Pública,41,53,6,1004,,,,,online,681,0,https://insight-chile.cl/storage/2026/08/Track-PP-681-Agosto-S2-M2-VF.pdf
945,19-08-2026,18-08-2026,19-08-2026,José Antonio Kast,Cadem,Plaza Pública,39,56,5,1003,,,,,online,682,0,https://insight-chile.cl/storage/2026/08/Track-PP-682-Agosto-S3-M1-VF.pdf
946,19-08-2026,18-08-2026,19-08-2026,José Antonio Kast,Black & White,B&W,30,58,13,1001,,,,,online,Consumo de Marihuana y Actualidad,0,https://www.blackwhite.global/_files/ugd/4e2a69_2264cc9934324d1291fe8e64e3e24768.pdf
947,21-08-2026,20-08-2026,21-08-2026,José Antonio Kast,Criteria,Agenda Criteria,35,52,13,802,,,,,online,23 de Agosto 2026,0,https://www.criteria.cl/site/wp-content/uploads/2026/08/Agenda_Criteria_23_Agosto_2026_8gBLq.pdf
948,21-08-2026,21-08-2026,21-08-2026,José Antonio Kast,Cadem,Plaza Pública,40,57,3,1001,,,,,online,683,0,https://insight-chile.cl/storage/2026/08/Track-PP-683-Agosto-S3-M2-VF.pdf
949,25-08-2026,20-08-2026,25-08-2026,José Antonio Kast,TuInfluyes.com,DataInfluye,36,61,2,952,,,,,online,ago-26,0,https://www.paneltuinfluyes.com/e/agosto-2026?
950,26-08-2026,26-08-2026,26-08-2026,José Antonio Kast,Cadem,Plaza Pública,37,59,4,1007,,,,,online,684,0,https://insight-chile.cl/storage/2026/08/Track-PP-684-Agosto-S4-M1-VF.pdf
951,26-08-2026,26-08-2026,26-08-2026,José Antonio Kast,Panel Ciudadano-UDD,Panel Ciudadano,35,56,9,,,,,,online,Citado en The Clinic (Newsletter Poder) 29-08-2026,0,https://www.theclinic.cl/2026/08/29/newsletter-poder-reforma-constitucional-fernando-atria-nunca-se-atrevio-a-tanto/
952,26-08-2026,25-08-2026,26-08-2026,José Antonio Kast,Black & White,B&W,38,52,10,1091,,,,,online,Necesidad de Acuerdos y Actualidad,0,https://www.blackwhite.global/_files/ugd/4e2a69_5ec78cb7cca442e7bd05fc0ccee1e554.pdf
953,28-08-2026,27-08-2026,28-08-2026,José Antonio Kast,Criteria,Agenda Criteria,33,55,12,811,,,,,online,30 de Agosto 2026,0,https://www.criteria.cl/site/wp-content/uploads/2026/08/Agenda_Criteria_30_Agosto_2026_8hVpR.pdf
954,28-08-2026,27-08-2026,28-08-2026,José Antonio Kast,Activa Research,Pulso Ciudadano,33.8,54.4,11.8,1022,,,,,online,127 - Agosto 2026,0,https://chile.activasite.com/wp-content/uploads/2026/08/260985_PULSO_CIUDADANO_AGOSTO_26_0830_V1.pdf
955,28-08-2026,28-08-2026,28-08-2026,José Antonio Kast,Cadem,Plaza Pública,38,59,3,1007,,,,,online,685,0,https://insight-chile.cl/storage/2026/08/Track-PP-685-Agosto-S4-M2-VF.pdf
956,02-09-2026,02-09-2026,02-09-2026,José Antonio Kast,Cadem,Plaza Pública,34,61,5,1002,,,,,online,686,0,https://insight-chile.cl/storage/2026/09/Track-PP-686-Septiembre-S1-M1-VF.pdf
957,02-09-2026,01-09-2026,02-09-2026,José Antonio Kast,Black & White,B&W,36,57,7,949,,,,,online,Primer Semestre del Gobierno y Actualidad,0,https://www.blackwhite.global/_files/ugd/4e2a69_b9086ae6036a4d449f2183cbe6838957.pdf
958,08-09-2026,30-08-2026,03-09-2026,José Antonio Kast,AtlasIntel,Latam Pulse Chile,54.1,45.8,0.1,2069,,,,,online,ago-26,0,https://cdn1.atlasintel.org/cl_latam_pulse_atlas__bloomberg_08_2026_6425eacaa2bb87ed.pdf
959,04-09-2026,03-09-2026,04-09-2026,José Antonio Kast,Criteria,Agenda Criteria,30,58,12,811,,,,,online,6 de Septiembre 2026,0,https://www.criteria.cl/site/wp-content/uploads/2026/09/Agenda_Criteria_06_Septiembre_2026_9cFp1.pdf
960,04-09-2026,04-09-2026,04-09-2026,José Antonio Kast,Cadem,Plaza Pública,36,60,4,1016,,,,,online,687,0,https://insight-chile.cl/storage/2026/09/Track-PP-687-Septiembre-S1-M2-VF.pdf
961,09-09-2026,09-09-2026,09-09-2026,José Antonio Kast,Cadem,Plaza Pública,35,61,4,1002,,,,,online,688,0,https://insight-chile.cl/storage/2026/09/Track-PP-688-Septiembre-S2-M1-VF.pdf
962,10-09-2026,09-09-2026,10-09-2026,José Antonio Kast,Black & White,B&W,29,60,12,906,,,,,online,Efectos de la IA y Actualidad,0,https://www.blackwhite.global/_files/ugd/4e2a69_add5ac0652f74336bc0fdc78d84af117.pdf
